"FileName","FilePath","RelativePath","FileSize","ActualFormat","IsFakePng","HexHeader"
"1.3-1.png","I:\Github\Ultimate-_tarter_Kit_for_Pico_W_PDF\Ultimate-Starter-Kit-for-Pico-W\docs\source\1.C_Tutorial\img\1.detail\1.3-1.png","I:\Github\Ultimate-_tarter_Kit_for_Pico_W_PDF\Ultimate-Starter-Kit-for-Pico-W\docs\source\1.C_Tutorial\img\1.detail\1.3-1.png","192393","PNG","False","89 50 4E 47 0D 0A 1A 0A 00 00 00 0D 49 48 44 52"
"1.3.png","I:\Github\Ultimate-_tarter_Kit_for_Pico_W_PDF\Ultimate-Starter-Kit-for-Pico-W\docs\source\1.C_Tutorial\img\1.detail\1.3.png","I:\Github\Ultimate-_tarter_Kit_for_Pico_W_PDF\Ultimate-Starter-Kit-for-Pico-W\docs\source\1.C_Tutorial\img\1.detail\1.3.png","6258","WebP","True","52 49 46 46 6A 18 00 00 57 45 42 50 56 50 38 4C"
"1.6.png","I:\Github\Ultimate-_tarter_Kit_for_Pico_W_PDF\Ultimate-Starter-Kit-for-Pico-W\docs\source\1.C_Tutorial\img\1.detail\1.6.png","I:\Github\Ultimate-_tarter_Kit_for_Pico_W_PDF\Ultimate-Starter-Kit-for-Pico-W\docs\source\1.C_Tutorial\img\1.detail\1.6.png","8264","WebP","True","52 49 46 46 40 20 00 00 57 45 42 50 56 50 38 4C"
"1.7.png","I:\Github\Ultimate-_tarter_Kit_for_Pico_W_PDF\Ultimate-Starter-Kit-for-Pico-W\docs\source\1.C_Tutorial\img\1.detail\1.7.png","I:\Github\Ultimate-_tarter_Kit_for_Pico_W_PDF\Ultimate-Starter-Kit-for-Pico-W\docs\source\1.C_Tutorial\img\1.detail\1.7.png","16378","WebP","True","52 49 46 46 F2 3F 00 00 57 45 42 50 56 50 38 4C"
"2.1.png","I:\Github\Ultimate-_tarter_Kit_for_Pico_W_PDF\Ultimate-Starter-Kit-for-Pico-W\docs\source\1.C_Tutorial\img\1.detail\2.1.png","I:\Github\Ultimate-_tarter_Kit_for_Pico_W_PDF\Ultimate-Starter-Kit-for-Pico-W\docs\source\1.C_Tutorial\img\1.detail\2.1.png","128858","WebP","True","52 49 46 46 52 F7 01 00 57 45 42 50 56 50 38 4C"
"4.2.png","I:\Github\Ultimate-_tarter_Kit_for_Pico_W_PDF\Ultimate-Starter-Kit-for-Pico-W\docs\source\1.C_Tutorial\img\1.detail\4.2.png","I:\Github\Ultimate-_tarter_Kit_for_Pico_W_PDF\Ultimate-Starter-Kit-for-Pico-W\docs\source\1.C_Tutorial\img\1.detail\4.2.png","124018","WebP","True","52 49 46 46 6A E4 01 00 57 45 42 50 56 50 38 4C"
"5.2.png","I:\Github\Ultimate-_tarter_Kit_for_Pico_W_PDF\Ultimate-Starter-Kit-for-Pico-W\docs\source\1.C_Tutorial\img\1.detail\5.2.png","I:\Github\Ultimate-_tarter_Kit_for_Pico_W_PDF\Ultimate-Starter-Kit-for-Pico-W\docs\source\1.C_Tutorial\img\1.detail\5.2.png","53436","JPEG","True","FF D8 FF E0 00 10 4A 46 49 46 00 01 02 00 00 64"
"1.1.png","I:\Github\Ultimate-_tarter_Kit_for_Pico_W_PDF\Ultimate-Starter-Kit-for-Pico-W\docs\source\1.C_Tutorial\img\2.sch\1.1.png","I:\Github\Ultimate-_tarter_Kit_for_Pico_W_PDF\Ultimate-Starter-Kit-for-Pico-W\docs\source\1.C_Tutorial\img\2.sch\1.1.png","4164","WebP","True","52 49 46 46 3C 10 00 00 57 45 42 50 56 50 38 4C"
"1.10.png","I:\Github\Ultimate-_tarter_Kit_for_Pico_W_PDF\Ultimate-Starter-Kit-for-Pico-W\docs\source\1.C_Tutorial\img\2.sch\1.10.png","I:\Github\Ultimate-_tarter_Kit_for_Pico_W_PDF\Ultimate-Starter-Kit-for-Pico-W\docs\source\1.C_Tutorial\img\2.sch\1.10.png","4206","WebP","True","52 49 46 46 66 10 00 00 57 45 42 50 56 50 38 4C"
"1.11.png","I:\Github\Ultimate-_tarter_Kit_for_Pico_W_PDF\Ultimate-Starter-Kit-for-Pico-W\docs\source\1.C_Tutorial\img\2.sch\1.11.png","I:\Github\Ultimate-_tarter_Kit_for_Pico_W_PDF\Ultimate-Starter-Kit-for-Pico-W\docs\source\1.C_Tutorial\img\2.sch\1.11.png","7598","WebP","True","52 49 46 46 A6 1D 00 00 57 45 42 50 56 50 38 4C"
"1.12.png","I:\Github\Ultimate-_tarter_Kit_for_Pico_W_PDF\Ultimate-Starter-Kit-for-Pico-W\docs\source\1.C_Tutorial\img\2.sch\1.12.png","I:\Github\Ultimate-_tarter_Kit_for_Pico_W_PDF\Ultimate-Starter-Kit-for-Pico-W\docs\source\1.C_Tutorial\img\2.sch\1.12.png","4886","WebP","True","52 49 46 46 0E 13 00 00 57 45 42 50 56 50 38 4C"
"1.13.png","I:\Github\Ultimate-_tarter_Kit_for_Pico_W_PDF\Ultimate-Starter-Kit-for-Pico-W\docs\source\1.C_Tutorial\img\2.sch\1.13.png","I:\Github\Ultimate-_tarter_Kit_for_Pico_W_PDF\Ultimate-Starter-Kit-for-Pico-W\docs\source\1.C_Tutorial\img\2.sch\1.13.png","3798","WebP","True","52 49 46 46 CE 0E 00 00 57 45 42 50 56 50 38 4C"
"1.14.png","I:\Github\Ultimate-_tarter_Kit_for_Pico_W_PDF\Ultimate-Starter-Kit-for-Pico-W\docs\source\1.C_Tutorial\img\2.sch\1.14.png","I:\Github\Ultimate-_tarter_Kit_for_Pico_W_PDF\Ultimate-Starter-Kit-for-Pico-W\docs\source\1.C_Tutorial\img\2.sch\1.14.png","4598","WebP","True","52 49 46 46 EE 11 00 00 57 45 42 50 56 50 38 4C"
"1.15.png","I:\Github\Ultimate-_tarter_Kit_for_Pico_W_PDF\Ultimate-Starter-Kit-for-Pico-W\docs\source\1.C_Tutorial\img\2.sch\1.15.png","I:\Github\Ultimate-_tarter_Kit_for_Pico_W_PDF\Ultimate-Starter-Kit-for-Pico-W\docs\source\1.C_Tutorial\img\2.sch\1.15.png","9014","WebP","True","52 49 46 46 2E 23 00 00 57 45 42 50 56 50 38 4C"
"1.2.png","I:\Github\Ultimate-_tarter_Kit_for_Pico_W_PDF\Ultimate-Starter-Kit-for-Pico-W\docs\source\1.C_Tutorial\img\2.sch\1.2.png","I:\Github\Ultimate-_tarter_Kit_for_Pico_W_PDF\Ultimate-Starter-Kit-for-Pico-W\docs\source\1.C_Tutorial\img\2.sch\1.2.png","3406","WebP","True","52 49 46 46 46 0D 00 00 57 45 42 50 56 50 38 4C"
"1.3.png","I:\Github\Ultimate-_tarter_Kit_for_Pico_W_PDF\Ultimate-Starter-Kit-for-Pico-W\docs\source\1.C_Tutorial\img\2.sch\1.3.png","I:\Github\Ultimate-_tarter_Kit_for_Pico_W_PDF\Ultimate-Starter-Kit-for-Pico-W\docs\source\1.C_Tutorial\img\2.sch\1.3.png","14982","WebP","True","52 49 46 46 7E 3A 00 00 57 45 42 50 56 50 38 4C"
"1.4.png","I:\Github\Ultimate-_tarter_Kit_for_Pico_W_PDF\Ultimate-Starter-Kit-for-Pico-W\docs\source\1.C_Tutorial\img\2.sch\1.4.png","I:\Github\Ultimate-_tarter_Kit_for_Pico_W_PDF\Ultimate-Starter-Kit-for-Pico-W\docs\source\1.C_Tutorial\img\2.sch\1.4.png","14982","WebP","True","52 49 46 46 7E 3A 00 00 57 45 42 50 56 50 38 4C"
"1.5.png","I:\Github\Ultimate-_tarter_Kit_for_Pico_W_PDF\Ultimate-Starter-Kit-for-Pico-W\docs\source\1.C_Tutorial\img\2.sch\1.5.png","I:\Github\Ultimate-_tarter_Kit_for_Pico_W_PDF\Ultimate-Starter-Kit-for-Pico-W\docs\source\1.C_Tutorial\img\2.sch\1.5.png","7342","WebP","True","52 49 46 46 A6 1C 00 00 57 45 42 50 56 50 38 4C"
"1.6.png","I:\Github\Ultimate-_tarter_Kit_for_Pico_W_PDF\Ultimate-Starter-Kit-for-Pico-W\docs\source\1.C_Tutorial\img\2.sch\1.6.png","I:\Github\Ultimate-_tarter_Kit_for_Pico_W_PDF\Ultimate-Starter-Kit-for-Pico-W\docs\source\1.C_Tutorial\img\2.sch\1.6.png","4610","WebP","True","52 49 46 46 FA 11 00 00 57 45 42 50 56 50 38 4C"
"1.7.png","I:\Github\Ultimate-_tarter_Kit_for_Pico_W_PDF\Ultimate-Starter-Kit-for-Pico-W\docs\source\1.C_Tutorial\img\2.sch\1.7.png","I:\Github\Ultimate-_tarter_Kit_for_Pico_W_PDF\Ultimate-Starter-Kit-for-Pico-W\docs\source\1.C_Tutorial\img\2.sch\1.7.png","5330","WebP","True","52 49 46 46 CA 14 00 00 57 45 42 50 56 50 38 4C"
"1.8.png","I:\Github\Ultimate-_tarter_Kit_for_Pico_W_PDF\Ultimate-Starter-Kit-for-Pico-W\docs\source\1.C_Tutorial\img\2.sch\1.8.png","I:\Github\Ultimate-_tarter_Kit_for_Pico_W_PDF\Ultimate-Starter-Kit-for-Pico-W\docs\source\1.C_Tutorial\img\2.sch\1.8.png","7216","WebP","True","52 49 46 46 28 1C 00 00 57 45 42 50 56 50 38 4C"
"1.9.png","I:\Github\Ultimate-_tarter_Kit_for_Pico_W_PDF\Ultimate-Starter-Kit-for-Pico-W\docs\source\1.C_Tutorial\img\2.sch\1.9.png","I:\Github\Ultimate-_tarter_Kit_for_Pico_W_PDF\Ultimate-Starter-Kit-for-Pico-W\docs\source\1.C_Tutorial\img\2.sch\1.9.png","3658","WebP","True","52 49 46 46 42 0E 00 00 57 45 42 50 56 50 38 4C"
"2.1.png","I:\Github\Ultimate-_tarter_Kit_for_Pico_W_PDF\Ultimate-Starter-Kit-for-Pico-W\docs\source\1.C_Tutorial\img\2.sch\2.1.png","I:\Github\Ultimate-_tarter_Kit_for_Pico_W_PDF\Ultimate-Starter-Kit-for-Pico-W\docs\source\1.C_Tutorial\img\2.sch\2.1.png","7380","WebP","True","52 49 46 46 CC 1C 00 00 57 45 42 50 56 50 38 4C"
"2.2.png","I:\Github\Ultimate-_tarter_Kit_for_Pico_W_PDF\Ultimate-Starter-Kit-for-Pico-W\docs\source\1.C_Tutorial\img\2.sch\2.2.png","I:\Github\Ultimate-_tarter_Kit_for_Pico_W_PDF\Ultimate-Starter-Kit-for-Pico-W\docs\source\1.C_Tutorial\img\2.sch\2.2.png","7380","WebP","True","52 49 46 46 CC 1C 00 00 57 45 42 50 56 50 38 4C"
"2.3.png","I:\Github\Ultimate-_tarter_Kit_for_Pico_W_PDF\Ultimate-Starter-Kit-for-Pico-W\docs\source\1.C_Tutorial\img\2.sch\2.3.png","I:\Github\Ultimate-_tarter_Kit_for_Pico_W_PDF\Ultimate-Starter-Kit-for-Pico-W\docs\source\1.C_Tutorial\img\2.sch\2.3.png","5780","WebP","True","52 49 46 46 8C 16 00 00 57 45 42 50 56 50 38 4C"
"2.4.png","I:\Github\Ultimate-_tarter_Kit_for_Pico_W_PDF\Ultimate-Starter-Kit-for-Pico-W\docs\source\1.C_Tutorial\img\2.sch\2.4.png","I:\Github\Ultimate-_tarter_Kit_for_Pico_W_PDF\Ultimate-Starter-Kit-for-Pico-W\docs\source\1.C_Tutorial\img\2.sch\2.4.png","6058","WebP","True","52 49 46 46 A2 17 00 00 57 45 42 50 56 50 38 4C"
"2.5.png","I:\Github\Ultimate-_tarter_Kit_for_Pico_W_PDF\Ultimate-Starter-Kit-for-Pico-W\docs\source\1.C_Tutorial\img\2.sch\2.5.png","I:\Github\Ultimate-_tarter_Kit_for_Pico_W_PDF\Ultimate-Starter-Kit-for-Pico-W\docs\source\1.C_Tutorial\img\2.sch\2.5.png","12012","WebP","True","52 49 46 46 E4 2E 00 00 57 45 42 50 56 50 38 4C"
"2.6.png","I:\Github\Ultimate-_tarter_Kit_for_Pico_W_PDF\Ultimate-Starter-Kit-for-Pico-W\docs\source\1.C_Tutorial\img\2.sch\2.6.png","I:\Github\Ultimate-_tarter_Kit_for_Pico_W_PDF\Ultimate-Starter-Kit-for-Pico-W\docs\source\1.C_Tutorial\img\2.sch\2.6.png","12012","WebP","True","52 49 46 46 E4 2E 00 00 57 45 42 50 56 50 38 4C"
"2.7.png","I:\Github\Ultimate-_tarter_Kit_for_Pico_W_PDF\Ultimate-Starter-Kit-for-Pico-W\docs\source\1.C_Tutorial\img\2.sch\2.7.png","I:\Github\Ultimate-_tarter_Kit_for_Pico_W_PDF\Ultimate-Starter-Kit-for-Pico-W\docs\source\1.C_Tutorial\img\2.sch\2.7.png","5064","WebP","True","52 49 46 46 C0 13 00 00 57 45 42 50 56 50 38 4C"
"3.1.png","I:\Github\Ultimate-_tarter_Kit_for_Pico_W_PDF\Ultimate-Starter-Kit-for-Pico-W\docs\source\1.C_Tutorial\img\2.sch\3.1.png","I:\Github\Ultimate-_tarter_Kit_for_Pico_W_PDF\Ultimate-Starter-Kit-for-Pico-W\docs\source\1.C_Tutorial\img\2.sch\3.1.png","10620","WebP","True","52 49 46 46 74 29 00 00 57 45 42 50 56 50 38 4C"
"3.2.png","I:\Github\Ultimate-_tarter_Kit_for_Pico_W_PDF\Ultimate-Starter-Kit-for-Pico-W\docs\source\1.C_Tutorial\img\2.sch\3.2.png","I:\Github\Ultimate-_tarter_Kit_for_Pico_W_PDF\Ultimate-Starter-Kit-for-Pico-W\docs\source\1.C_Tutorial\img\2.sch\3.2.png","6936","WebP","True","52 49 46 46 10 1B 00 00 57 45 42 50 56 50 38 4C"
"3.3.png","I:\Github\Ultimate-_tarter_Kit_for_Pico_W_PDF\Ultimate-Starter-Kit-for-Pico-W\docs\source\1.C_Tutorial\img\2.sch\3.3.png","I:\Github\Ultimate-_tarter_Kit_for_Pico_W_PDF\Ultimate-Starter-Kit-for-Pico-W\docs\source\1.C_Tutorial\img\2.sch\3.3.png","8170","WebP","True","52 49 46 46 E2 1F 00 00 57 45 42 50 56 50 38 4C"
"4.1.png","I:\Github\Ultimate-_tarter_Kit_for_Pico_W_PDF\Ultimate-Starter-Kit-for-Pico-W\docs\source\1.C_Tutorial\img\2.sch\4.1.png","I:\Github\Ultimate-_tarter_Kit_for_Pico_W_PDF\Ultimate-Starter-Kit-for-Pico-W\docs\source\1.C_Tutorial\img\2.sch\4.1.png","14504","WebP","True","52 49 46 46 A0 38 00 00 57 45 42 50 56 50 38 4C"
"4.2.png","I:\Github\Ultimate-_tarter_Kit_for_Pico_W_PDF\Ultimate-Starter-Kit-for-Pico-W\docs\source\1.C_Tutorial\img\2.sch\4.2.png","I:\Github\Ultimate-_tarter_Kit_for_Pico_W_PDF\Ultimate-Starter-Kit-for-Pico-W\docs\source\1.C_Tutorial\img\2.sch\4.2.png","15964","WebP","True","52 49 46 46 54 3E 00 00 57 45 42 50 56 50 38 4C"
"4.3.png","I:\Github\Ultimate-_tarter_Kit_for_Pico_W_PDF\Ultimate-Starter-Kit-for-Pico-W\docs\source\1.C_Tutorial\img\2.sch\4.3.png","I:\Github\Ultimate-_tarter_Kit_for_Pico_W_PDF\Ultimate-Starter-Kit-for-Pico-W\docs\source\1.C_Tutorial\img\2.sch\4.3.png","22102","WebP","True","52 49 46 46 4E 56 00 00 57 45 42 50 56 50 38 4C"
"4.4.png","I:\Github\Ultimate-_tarter_Kit_for_Pico_W_PDF\Ultimate-Starter-Kit-for-Pico-W\docs\source\1.C_Tutorial\img\2.sch\4.4.png","I:\Github\Ultimate-_tarter_Kit_for_Pico_W_PDF\Ultimate-Starter-Kit-for-Pico-W\docs\source\1.C_Tutorial\img\2.sch\4.4.png","35534","WebP","True","52 49 46 46 C6 8A 00 00 57 45 42 50 56 50 38 4C"
"5.1.png","I:\Github\Ultimate-_tarter_Kit_for_Pico_W_PDF\Ultimate-Starter-Kit-for-Pico-W\docs\source\1.C_Tutorial\img\2.sch\5.1.png","I:\Github\Ultimate-_tarter_Kit_for_Pico_W_PDF\Ultimate-Starter-Kit-for-Pico-W\docs\source\1.C_Tutorial\img\2.sch\5.1.png","9158","WebP","True","52 49 46 46 BE 23 00 00 57 45 42 50 56 50 38 4C"
"5.2.png","I:\Github\Ultimate-_tarter_Kit_for_Pico_W_PDF\Ultimate-Starter-Kit-for-Pico-W\docs\source\1.C_Tutorial\img\2.sch\5.2.png","I:\Github\Ultimate-_tarter_Kit_for_Pico_W_PDF\Ultimate-Starter-Kit-for-Pico-W\docs\source\1.C_Tutorial\img\2.sch\5.2.png","10814","PNG","False","89 50 4E 47 0D 0A 1A 0A 00 00 00 0D 49 48 44 52"
"5.3.png","I:\Github\Ultimate-_tarter_Kit_for_Pico_W_PDF\Ultimate-Starter-Kit-for-Pico-W\docs\source\1.C_Tutorial\img\2.sch\5.3.png","I:\Github\Ultimate-_tarter_Kit_for_Pico_W_PDF\Ultimate-Starter-Kit-for-Pico-W\docs\source\1.C_Tutorial\img\2.sch\5.3.png","6088","WebP","True","52 49 46 46 C0 17 00 00 57 45 42 50 56 50 38 4C"
"5.4.png","I:\Github\Ultimate-_tarter_Kit_for_Pico_W_PDF\Ultimate-Starter-Kit-for-Pico-W\docs\source\1.C_Tutorial\img\2.sch\5.4.png","I:\Github\Ultimate-_tarter_Kit_for_Pico_W_PDF\Ultimate-Starter-Kit-for-Pico-W\docs\source\1.C_Tutorial\img\2.sch\5.4.png","4394","WebP","True","52 49 46 46 22 11 00 00 57 45 42 50 56 50 38 4C"
"5.5.png","I:\Github\Ultimate-_tarter_Kit_for_Pico_W_PDF\Ultimate-Starter-Kit-for-Pico-W\docs\source\1.C_Tutorial\img\2.sch\5.5.png","I:\Github\Ultimate-_tarter_Kit_for_Pico_W_PDF\Ultimate-Starter-Kit-for-Pico-W\docs\source\1.C_Tutorial\img\2.sch\5.5.png","8310","WebP","True","52 49 46 46 6E 20 00 00 57 45 42 50 56 50 38 4C"
"6.1.png","I:\Github\Ultimate-_tarter_Kit_for_Pico_W_PDF\Ultimate-Starter-Kit-for-Pico-W\docs\source\1.C_Tutorial\img\2.sch\6.1.png","I:\Github\Ultimate-_tarter_Kit_for_Pico_W_PDF\Ultimate-Starter-Kit-for-Pico-W\docs\source\1.C_Tutorial\img\2.sch\6.1.png","8728","WebP","True","52 49 46 46 10 22 00 00 57 45 42 50 56 50 38 4C"
"6.10.png","I:\Github\Ultimate-_tarter_Kit_for_Pico_W_PDF\Ultimate-Starter-Kit-for-Pico-W\docs\source\1.C_Tutorial\img\2.sch\6.10.png","I:\Github\Ultimate-_tarter_Kit_for_Pico_W_PDF\Ultimate-Starter-Kit-for-Pico-W\docs\source\1.C_Tutorial\img\2.sch\6.10.png","9680","WebP","True","52 49 46 46 C8 25 00 00 57 45 42 50 56 50 38 4C"
"6.11.png","I:\Github\Ultimate-_tarter_Kit_for_Pico_W_PDF\Ultimate-Starter-Kit-for-Pico-W\docs\source\1.C_Tutorial\img\2.sch\6.11.png","I:\Github\Ultimate-_tarter_Kit_for_Pico_W_PDF\Ultimate-Starter-Kit-for-Pico-W\docs\source\1.C_Tutorial\img\2.sch\6.11.png","9630","WebP","True","52 49 46 46 96 25 00 00 57 45 42 50 56 50 38 4C"
"6.12.png","I:\Github\Ultimate-_tarter_Kit_for_Pico_W_PDF\Ultimate-Starter-Kit-for-Pico-W\docs\source\1.C_Tutorial\img\2.sch\6.12.png","I:\Github\Ultimate-_tarter_Kit_for_Pico_W_PDF\Ultimate-Starter-Kit-for-Pico-W\docs\source\1.C_Tutorial\img\2.sch\6.12.png","12728","WebP","True","52 49 46 46 B0 31 00 00 57 45 42 50 56 50 38 4C"
"6.13.png","I:\Github\Ultimate-_tarter_Kit_for_Pico_W_PDF\Ultimate-Starter-Kit-for-Pico-W\docs\source\1.C_Tutorial\img\2.sch\6.13.png","I:\Github\Ultimate-_tarter_Kit_for_Pico_W_PDF\Ultimate-Starter-Kit-for-Pico-W\docs\source\1.C_Tutorial\img\2.sch\6.13.png","10150","WebP","True","52 49 46 46 9E 27 00 00 57 45 42 50 56 50 38 4C"
"6.2-1.png","I:\Github\Ultimate-_tarter_Kit_for_Pico_W_PDF\Ultimate-Starter-Kit-for-Pico-W\docs\source\1.C_Tutorial\img\2.sch\6.2-1.png","I:\Github\Ultimate-_tarter_Kit_for_Pico_W_PDF\Ultimate-Starter-Kit-for-Pico-W\docs\source\1.C_Tutorial\img\2.sch\6.2-1.png","10814","PNG","False","89 50 4E 47 0D 0A 1A 0A 00 00 00 0D 49 48 44 52"
"6.2.png","I:\Github\Ultimate-_tarter_Kit_for_Pico_W_PDF\Ultimate-Starter-Kit-for-Pico-W\docs\source\1.C_Tutorial\img\2.sch\6.2.png","I:\Github\Ultimate-_tarter_Kit_for_Pico_W_PDF\Ultimate-Starter-Kit-for-Pico-W\docs\source\1.C_Tutorial\img\2.sch\6.2.png","17228","PNG","False","89 50 4E 47 0D 0A 1A 0A 00 00 00 0D 49 48 44 52"
"6.3.png","I:\Github\Ultimate-_tarter_Kit_for_Pico_W_PDF\Ultimate-Starter-Kit-for-Pico-W\docs\source\1.C_Tutorial\img\2.sch\6.3.png","I:\Github\Ultimate-_tarter_Kit_for_Pico_W_PDF\Ultimate-Starter-Kit-for-Pico-W\docs\source\1.C_Tutorial\img\2.sch\6.3.png","8612","WebP","True","52 49 46 46 9C 21 00 00 57 45 42 50 56 50 38 4C"
"6.4.png","I:\Github\Ultimate-_tarter_Kit_for_Pico_W_PDF\Ultimate-Starter-Kit-for-Pico-W\docs\source\1.C_Tutorial\img\2.sch\6.4.png","I:\Github\Ultimate-_tarter_Kit_for_Pico_W_PDF\Ultimate-Starter-Kit-for-Pico-W\docs\source\1.C_Tutorial\img\2.sch\6.4.png","13062","WebP","True","52 49 46 46 FE 32 00 00 57 45 42 50 56 50 38 4C"
"6.5.png","I:\Github\Ultimate-_tarter_Kit_for_Pico_W_PDF\Ultimate-Starter-Kit-for-Pico-W\docs\source\1.C_Tutorial\img\2.sch\6.5.png","I:\Github\Ultimate-_tarter_Kit_for_Pico_W_PDF\Ultimate-Starter-Kit-for-Pico-W\docs\source\1.C_Tutorial\img\2.sch\6.5.png","8008","WebP","True","52 49 46 46 40 1F 00 00 57 45 42 50 56 50 38 4C"
"6.6.png","I:\Github\Ultimate-_tarter_Kit_for_Pico_W_PDF\Ultimate-Starter-Kit-for-Pico-W\docs\source\1.C_Tutorial\img\2.sch\6.6.png","I:\Github\Ultimate-_tarter_Kit_for_Pico_W_PDF\Ultimate-Starter-Kit-for-Pico-W\docs\source\1.C_Tutorial\img\2.sch\6.6.png","12500","WebP","True","52 49 46 46 CC 30 00 00 57 45 42 50 56 50 38 4C"
"6.7.png","I:\Github\Ultimate-_tarter_Kit_for_Pico_W_PDF\Ultimate-Starter-Kit-for-Pico-W\docs\source\1.C_Tutorial\img\2.sch\6.7.png","I:\Github\Ultimate-_tarter_Kit_for_Pico_W_PDF\Ultimate-Starter-Kit-for-Pico-W\docs\source\1.C_Tutorial\img\2.sch\6.7.png","16564","WebP","True","52 49 46 46 AC 40 00 00 57 45 42 50 56 50 38 4C"
"6.8.png","I:\Github\Ultimate-_tarter_Kit_for_Pico_W_PDF\Ultimate-Starter-Kit-for-Pico-W\docs\source\1.C_Tutorial\img\2.sch\6.8.png","I:\Github\Ultimate-_tarter_Kit_for_Pico_W_PDF\Ultimate-Starter-Kit-for-Pico-W\docs\source\1.C_Tutorial\img\2.sch\6.8.png","5816","WebP","True","52 49 46 46 B0 16 00 00 57 45 42 50 56 50 38 4C"
"6.9.png","I:\Github\Ultimate-_tarter_Kit_for_Pico_W_PDF\Ultimate-Starter-Kit-for-Pico-W\docs\source\1.C_Tutorial\img\2.sch\6.9.png","I:\Github\Ultimate-_tarter_Kit_for_Pico_W_PDF\Ultimate-Starter-Kit-for-Pico-W\docs\source\1.C_Tutorial\img\2.sch\6.9.png","13868","WebP","True","52 49 46 46 24 36 00 00 57 45 42 50 56 50 38 4C"
"1.1.png","I:\Github\Ultimate-_tarter_Kit_for_Pico_W_PDF\Ultimate-Starter-Kit-for-Pico-W\docs\source\1.C_Tutorial\img\3.connect\1.1.png","I:\Github\Ultimate-_tarter_Kit_for_Pico_W_PDF\Ultimate-Starter-Kit-for-Pico-W\docs\source\1.C_Tutorial\img\3.connect\1.1.png","132101","PNG","False","89 50 4E 47 0D 0A 1A 0A 00 00 00 0D 49 48 44 52"
"1.10.png","I:\Github\Ultimate-_tarter_Kit_for_Pico_W_PDF\Ultimate-Starter-Kit-for-Pico-W\docs\source\1.C_Tutorial\img\3.connect\1.10.png","I:\Github\Ultimate-_tarter_Kit_for_Pico_W_PDF\Ultimate-Starter-Kit-for-Pico-W\docs\source\1.C_Tutorial\img\3.connect\1.10.png","180237","PNG","False","89 50 4E 47 0D 0A 1A 0A 00 00 00 0D 49 48 44 52"
"1.11.png","I:\Github\Ultimate-_tarter_Kit_for_Pico_W_PDF\Ultimate-Starter-Kit-for-Pico-W\docs\source\1.C_Tutorial\img\3.connect\1.11.png","I:\Github\Ultimate-_tarter_Kit_for_Pico_W_PDF\Ultimate-Starter-Kit-for-Pico-W\docs\source\1.C_Tutorial\img\3.connect\1.11.png","165564","PNG","False","89 50 4E 47 0D 0A 1A 0A 00 00 00 0D 49 48 44 52"
"1.12.png","I:\Github\Ultimate-_tarter_Kit_for_Pico_W_PDF\Ultimate-Starter-Kit-for-Pico-W\docs\source\1.C_Tutorial\img\3.connect\1.12.png","I:\Github\Ultimate-_tarter_Kit_for_Pico_W_PDF\Ultimate-Starter-Kit-for-Pico-W\docs\source\1.C_Tutorial\img\3.connect\1.12.png","184151","PNG","False","89 50 4E 47 0D 0A 1A 0A 00 00 00 0D 49 48 44 52"
"1.13.png","I:\Github\Ultimate-_tarter_Kit_for_Pico_W_PDF\Ultimate-Starter-Kit-for-Pico-W\docs\source\1.C_Tutorial\img\3.connect\1.13.png","I:\Github\Ultimate-_tarter_Kit_for_Pico_W_PDF\Ultimate-Starter-Kit-for-Pico-W\docs\source\1.C_Tutorial\img\3.connect\1.13.png","158930","PNG","False","89 50 4E 47 0D 0A 1A 0A 00 00 00 0D 49 48 44 52"
"1.14.png","I:\Github\Ultimate-_tarter_Kit_for_Pico_W_PDF\Ultimate-Starter-Kit-for-Pico-W\docs\source\1.C_Tutorial\img\3.connect\1.14.png","I:\Github\Ultimate-_tarter_Kit_for_Pico_W_PDF\Ultimate-Starter-Kit-for-Pico-W\docs\source\1.C_Tutorial\img\3.connect\1.14.png","154126","PNG","False","89 50 4E 47 0D 0A 1A 0A 00 00 00 0D 49 48 44 52"
"1.15.png","I:\Github\Ultimate-_tarter_Kit_for_Pico_W_PDF\Ultimate-Starter-Kit-for-Pico-W\docs\source\1.C_Tutorial\img\3.connect\1.15.png","I:\Github\Ultimate-_tarter_Kit_for_Pico_W_PDF\Ultimate-Starter-Kit-for-Pico-W\docs\source\1.C_Tutorial\img\3.connect\1.15.png","178596","PNG","False","89 50 4E 47 0D 0A 1A 0A 00 00 00 0D 49 48 44 52"
"1.16.png","I:\Github\Ultimate-_tarter_Kit_for_Pico_W_PDF\Ultimate-Starter-Kit-for-Pico-W\docs\source\1.C_Tutorial\img\3.connect\1.16.png","I:\Github\Ultimate-_tarter_Kit_for_Pico_W_PDF\Ultimate-Starter-Kit-for-Pico-W\docs\source\1.C_Tutorial\img\3.connect\1.16.png","242319","PNG","False","89 50 4E 47 0D 0A 1A 0A 00 00 00 0D 49 48 44 52"
"1.2.png","I:\Github\Ultimate-_tarter_Kit_for_Pico_W_PDF\Ultimate-Starter-Kit-for-Pico-W\docs\source\1.C_Tutorial\img\3.connect\1.2.png","I:\Github\Ultimate-_tarter_Kit_for_Pico_W_PDF\Ultimate-Starter-Kit-for-Pico-W\docs\source\1.C_Tutorial\img\3.connect\1.2.png","196271","PNG","False","89 50 4E 47 0D 0A 1A 0A 00 00 00 0D 49 48 44 52"
"1.3.png","I:\Github\Ultimate-_tarter_Kit_for_Pico_W_PDF\Ultimate-Starter-Kit-for-Pico-W\docs\source\1.C_Tutorial\img\3.connect\1.3.png","I:\Github\Ultimate-_tarter_Kit_for_Pico_W_PDF\Ultimate-Starter-Kit-for-Pico-W\docs\source\1.C_Tutorial\img\3.connect\1.3.png","242175","PNG","False","89 50 4E 47 0D 0A 1A 0A 00 00 00 0D 49 48 44 52"
"1.4.png","I:\Github\Ultimate-_tarter_Kit_for_Pico_W_PDF\Ultimate-Starter-Kit-for-Pico-W\docs\source\1.C_Tutorial\img\3.connect\1.4.png","I:\Github\Ultimate-_tarter_Kit_for_Pico_W_PDF\Ultimate-Starter-Kit-for-Pico-W\docs\source\1.C_Tutorial\img\3.connect\1.4.png","242175","PNG","False","89 50 4E 47 0D 0A 1A 0A 00 00 00 0D 49 48 44 52"
"1.5.png","I:\Github\Ultimate-_tarter_Kit_for_Pico_W_PDF\Ultimate-Starter-Kit-for-Pico-W\docs\source\1.C_Tutorial\img\3.connect\1.5.png","I:\Github\Ultimate-_tarter_Kit_for_Pico_W_PDF\Ultimate-Starter-Kit-for-Pico-W\docs\source\1.C_Tutorial\img\3.connect\1.5.png","184997","PNG","False","89 50 4E 47 0D 0A 1A 0A 00 00 00 0D 49 48 44 52"
"1.6.png","I:\Github\Ultimate-_tarter_Kit_for_Pico_W_PDF\Ultimate-Starter-Kit-for-Pico-W\docs\source\1.C_Tutorial\img\3.connect\1.6.png","I:\Github\Ultimate-_tarter_Kit_for_Pico_W_PDF\Ultimate-Starter-Kit-for-Pico-W\docs\source\1.C_Tutorial\img\3.connect\1.6.png","126670","PNG","False","89 50 4E 47 0D 0A 1A 0A 00 00 00 0D 49 48 44 52"
"1.7.png","I:\Github\Ultimate-_tarter_Kit_for_Pico_W_PDF\Ultimate-Starter-Kit-for-Pico-W\docs\source\1.C_Tutorial\img\3.connect\1.7.png","I:\Github\Ultimate-_tarter_Kit_for_Pico_W_PDF\Ultimate-Starter-Kit-for-Pico-W\docs\source\1.C_Tutorial\img\3.connect\1.7.png","123981","PNG","False","89 50 4E 47 0D 0A 1A 0A 00 00 00 0D 49 48 44 52"
"1.8-1.png","I:\Github\Ultimate-_tarter_Kit_for_Pico_W_PDF\Ultimate-Starter-Kit-for-Pico-W\docs\source\1.C_Tutorial\img\3.connect\1.8-1.png","I:\Github\Ultimate-_tarter_Kit_for_Pico_W_PDF\Ultimate-Starter-Kit-for-Pico-W\docs\source\1.C_Tutorial\img\3.connect\1.8-1.png","132867","PNG","False","89 50 4E 47 0D 0A 1A 0A 00 00 00 0D 49 48 44 52"
"1.8.png","I:\Github\Ultimate-_tarter_Kit_for_Pico_W_PDF\Ultimate-Starter-Kit-for-Pico-W\docs\source\1.C_Tutorial\img\3.connect\1.8.png","I:\Github\Ultimate-_tarter_Kit_for_Pico_W_PDF\Ultimate-Starter-Kit-for-Pico-W\docs\source\1.C_Tutorial\img\3.connect\1.8.png","130485","PNG","False","89 50 4E 47 0D 0A 1A 0A 00 00 00 0D 49 48 44 52"
"1.9.png","I:\Github\Ultimate-_tarter_Kit_for_Pico_W_PDF\Ultimate-Starter-Kit-for-Pico-W\docs\source\1.C_Tutorial\img\3.connect\1.9.png","I:\Github\Ultimate-_tarter_Kit_for_Pico_W_PDF\Ultimate-Starter-Kit-for-Pico-W\docs\source\1.C_Tutorial\img\3.connect\1.9.png","148183","PNG","False","89 50 4E 47 0D 0A 1A 0A 00 00 00 0D 49 48 44 52"
"2.1.png","I:\Github\Ultimate-_tarter_Kit_for_Pico_W_PDF\Ultimate-Starter-Kit-for-Pico-W\docs\source\1.C_Tutorial\img\3.connect\2.1.png","I:\Github\Ultimate-_tarter_Kit_for_Pico_W_PDF\Ultimate-Starter-Kit-for-Pico-W\docs\source\1.C_Tutorial\img\3.connect\2.1.png","170690","PNG","False","89 50 4E 47 0D 0A 1A 0A 00 00 00 0D 49 48 44 52"
"2.2.png","I:\Github\Ultimate-_tarter_Kit_for_Pico_W_PDF\Ultimate-Starter-Kit-for-Pico-W\docs\source\1.C_Tutorial\img\3.connect\2.2.png","I:\Github\Ultimate-_tarter_Kit_for_Pico_W_PDF\Ultimate-Starter-Kit-for-Pico-W\docs\source\1.C_Tutorial\img\3.connect\2.2.png","167632","PNG","False","89 50 4E 47 0D 0A 1A 0A 00 00 00 0D 49 48 44 52"
"2.3.png","I:\Github\Ultimate-_tarter_Kit_for_Pico_W_PDF\Ultimate-Starter-Kit-for-Pico-W\docs\source\1.C_Tutorial\img\3.connect\2.3.png","I:\Github\Ultimate-_tarter_Kit_for_Pico_W_PDF\Ultimate-Starter-Kit-for-Pico-W\docs\source\1.C_Tutorial\img\3.connect\2.3.png","303995","PNG","False","89 50 4E 47 0D 0A 1A 0A 00 00 00 0D 49 48 44 52"
"2.4.png","I:\Github\Ultimate-_tarter_Kit_for_Pico_W_PDF\Ultimate-Starter-Kit-for-Pico-W\docs\source\1.C_Tutorial\img\3.connect\2.4.png","I:\Github\Ultimate-_tarter_Kit_for_Pico_W_PDF\Ultimate-Starter-Kit-for-Pico-W\docs\source\1.C_Tutorial\img\3.connect\2.4.png","218073","PNG","False","89 50 4E 47 0D 0A 1A 0A 00 00 00 0D 49 48 44 52"
"2.5.png","I:\Github\Ultimate-_tarter_Kit_for_Pico_W_PDF\Ultimate-Starter-Kit-for-Pico-W\docs\source\1.C_Tutorial\img\3.connect\2.5.png","I:\Github\Ultimate-_tarter_Kit_for_Pico_W_PDF\Ultimate-Starter-Kit-for-Pico-W\docs\source\1.C_Tutorial\img\3.connect\2.5.png","236867","PNG","False","89 50 4E 47 0D 0A 1A 0A 00 00 00 0D 49 48 44 52"
"2.6.png","I:\Github\Ultimate-_tarter_Kit_for_Pico_W_PDF\Ultimate-Starter-Kit-for-Pico-W\docs\source\1.C_Tutorial\img\3.connect\2.6.png","I:\Github\Ultimate-_tarter_Kit_for_Pico_W_PDF\Ultimate-Starter-Kit-for-Pico-W\docs\source\1.C_Tutorial\img\3.connect\2.6.png","195253","PNG","False","89 50 4E 47 0D 0A 1A 0A 00 00 00 0D 49 48 44 52"
"2.7.png","I:\Github\Ultimate-_tarter_Kit_for_Pico_W_PDF\Ultimate-Starter-Kit-for-Pico-W\docs\source\1.C_Tutorial\img\3.connect\2.7.png","I:\Github\Ultimate-_tarter_Kit_for_Pico_W_PDF\Ultimate-Starter-Kit-for-Pico-W\docs\source\1.C_Tutorial\img\3.connect\2.7.png","232558","PNG","False","89 50 4E 47 0D 0A 1A 0A 00 00 00 0D 49 48 44 52"
"3.1.png","I:\Github\Ultimate-_tarter_Kit_for_Pico_W_PDF\Ultimate-Starter-Kit-for-Pico-W\docs\source\1.C_Tutorial\img\3.connect\3.1.png","I:\Github\Ultimate-_tarter_Kit_for_Pico_W_PDF\Ultimate-Starter-Kit-for-Pico-W\docs\source\1.C_Tutorial\img\3.connect\3.1.png","225862","PNG","False","89 50 4E 47 0D 0A 1A 0A 00 00 00 0D 49 48 44 52"
"3.2.png","I:\Github\Ultimate-_tarter_Kit_for_Pico_W_PDF\Ultimate-Starter-Kit-for-Pico-W\docs\source\1.C_Tutorial\img\3.connect\3.2.png","I:\Github\Ultimate-_tarter_Kit_for_Pico_W_PDF\Ultimate-Starter-Kit-for-Pico-W\docs\source\1.C_Tutorial\img\3.connect\3.2.png","254611","PNG","False","89 50 4E 47 0D 0A 1A 0A 00 00 00 0D 49 48 44 52"
"3.3.png","I:\Github\Ultimate-_tarter_Kit_for_Pico_W_PDF\Ultimate-Starter-Kit-for-Pico-W\docs\source\1.C_Tutorial\img\3.connect\3.3.png","I:\Github\Ultimate-_tarter_Kit_for_Pico_W_PDF\Ultimate-Starter-Kit-for-Pico-W\docs\source\1.C_Tutorial\img\3.connect\3.3.png","252276","PNG","False","89 50 4E 47 0D 0A 1A 0A 00 00 00 0D 49 48 44 52"
"4.1.png","I:\Github\Ultimate-_tarter_Kit_for_Pico_W_PDF\Ultimate-Starter-Kit-for-Pico-W\docs\source\1.C_Tutorial\img\3.connect\4.1.png","I:\Github\Ultimate-_tarter_Kit_for_Pico_W_PDF\Ultimate-Starter-Kit-for-Pico-W\docs\source\1.C_Tutorial\img\3.connect\4.1.png","291935","PNG","False","89 50 4E 47 0D 0A 1A 0A 00 00 00 0D 49 48 44 52"
"4.2.png","I:\Github\Ultimate-_tarter_Kit_for_Pico_W_PDF\Ultimate-Starter-Kit-for-Pico-W\docs\source\1.C_Tutorial\img\3.connect\4.2.png","I:\Github\Ultimate-_tarter_Kit_for_Pico_W_PDF\Ultimate-Starter-Kit-for-Pico-W\docs\source\1.C_Tutorial\img\3.connect\4.2.png","262677","PNG","False","89 50 4E 47 0D 0A 1A 0A 00 00 00 0D 49 48 44 52"
"4.3.png","I:\Github\Ultimate-_tarter_Kit_for_Pico_W_PDF\Ultimate-Starter-Kit-for-Pico-W\docs\source\1.C_Tutorial\img\3.connect\4.3.png","I:\Github\Ultimate-_tarter_Kit_for_Pico_W_PDF\Ultimate-Starter-Kit-for-Pico-W\docs\source\1.C_Tutorial\img\3.connect\4.3.png","339614","PNG","False","89 50 4E 47 0D 0A 1A 0A 00 00 00 0D 49 48 44 52"
"4.4-1.png","I:\Github\Ultimate-_tarter_Kit_for_Pico_W_PDF\Ultimate-Starter-Kit-for-Pico-W\docs\source\1.C_Tutorial\img\3.connect\4.4-1.png","I:\Github\Ultimate-_tarter_Kit_for_Pico_W_PDF\Ultimate-Starter-Kit-for-Pico-W\docs\source\1.C_Tutorial\img\3.connect\4.4-1.png","298880","PNG","False","89 50 4E 47 0D 0A 1A 0A 00 00 00 0D 49 48 44 52"
"4.4-2.png","I:\Github\Ultimate-_tarter_Kit_for_Pico_W_PDF\Ultimate-Starter-Kit-for-Pico-W\docs\source\1.C_Tutorial\img\3.connect\4.4-2.png","I:\Github\Ultimate-_tarter_Kit_for_Pico_W_PDF\Ultimate-Starter-Kit-for-Pico-W\docs\source\1.C_Tutorial\img\3.connect\4.4-2.png","281265","PNG","False","89 50 4E 47 0D 0A 1A 0A 00 00 00 0D 49 48 44 52"
"4.4-3.png","I:\Github\Ultimate-_tarter_Kit_for_Pico_W_PDF\Ultimate-Starter-Kit-for-Pico-W\docs\source\1.C_Tutorial\img\3.connect\4.4-3.png","I:\Github\Ultimate-_tarter_Kit_for_Pico_W_PDF\Ultimate-Starter-Kit-for-Pico-W\docs\source\1.C_Tutorial\img\3.connect\4.4-3.png","319482","PNG","False","89 50 4E 47 0D 0A 1A 0A 00 00 00 0D 49 48 44 52"
"4.4-4.png","I:\Github\Ultimate-_tarter_Kit_for_Pico_W_PDF\Ultimate-Starter-Kit-for-Pico-W\docs\source\1.C_Tutorial\img\3.connect\4.4-4.png","I:\Github\Ultimate-_tarter_Kit_for_Pico_W_PDF\Ultimate-Starter-Kit-for-Pico-W\docs\source\1.C_Tutorial\img\3.connect\4.4-4.png","309233","PNG","False","89 50 4E 47 0D 0A 1A 0A 00 00 00 0D 49 48 44 52"
"4.4.png","I:\Github\Ultimate-_tarter_Kit_for_Pico_W_PDF\Ultimate-Starter-Kit-for-Pico-W\docs\source\1.C_Tutorial\img\3.connect\4.4.png","I:\Github\Ultimate-_tarter_Kit_for_Pico_W_PDF\Ultimate-Starter-Kit-for-Pico-W\docs\source\1.C_Tutorial\img\3.connect\4.4.png","315815","PNG","False","89 50 4E 47 0D 0A 1A 0A 00 00 00 0D 49 48 44 52"
"5.1.png","I:\Github\Ultimate-_tarter_Kit_for_Pico_W_PDF\Ultimate-Starter-Kit-for-Pico-W\docs\source\1.C_Tutorial\img\3.connect\5.1.png","I:\Github\Ultimate-_tarter_Kit_for_Pico_W_PDF\Ultimate-Starter-Kit-for-Pico-W\docs\source\1.C_Tutorial\img\3.connect\5.1.png","214565","PNG","False","89 50 4E 47 0D 0A 1A 0A 00 00 00 0D 49 48 44 52"
"5.2.png","I:\Github\Ultimate-_tarter_Kit_for_Pico_W_PDF\Ultimate-Starter-Kit-for-Pico-W\docs\source\1.C_Tutorial\img\3.connect\5.2.png","I:\Github\Ultimate-_tarter_Kit_for_Pico_W_PDF\Ultimate-Starter-Kit-for-Pico-W\docs\source\1.C_Tutorial\img\3.connect\5.2.png","175336","PNG","False","89 50 4E 47 0D 0A 1A 0A 00 00 00 0D 49 48 44 52"
"5.3.png","I:\Github\Ultimate-_tarter_Kit_for_Pico_W_PDF\Ultimate-Starter-Kit-for-Pico-W\docs\source\1.C_Tutorial\img\3.connect\5.3.png","I:\Github\Ultimate-_tarter_Kit_for_Pico_W_PDF\Ultimate-Starter-Kit-for-Pico-W\docs\source\1.C_Tutorial\img\3.connect\5.3.png","178338","PNG","False","89 50 4E 47 0D 0A 1A 0A 00 00 00 0D 49 48 44 52"
"5.4.png","I:\Github\Ultimate-_tarter_Kit_for_Pico_W_PDF\Ultimate-Starter-Kit-for-Pico-W\docs\source\1.C_Tutorial\img\3.connect\5.4.png","I:\Github\Ultimate-_tarter_Kit_for_Pico_W_PDF\Ultimate-Starter-Kit-for-Pico-W\docs\source\1.C_Tutorial\img\3.connect\5.4.png","164173","PNG","False","89 50 4E 47 0D 0A 1A 0A 00 00 00 0D 49 48 44 52"
"5.5.png","I:\Github\Ultimate-_tarter_Kit_for_Pico_W_PDF\Ultimate-Starter-Kit-for-Pico-W\docs\source\1.C_Tutorial\img\3.connect\5.5.png","I:\Github\Ultimate-_tarter_Kit_for_Pico_W_PDF\Ultimate-Starter-Kit-for-Pico-W\docs\source\1.C_Tutorial\img\3.connect\5.5.png","243323","PNG","False","89 50 4E 47 0D 0A 1A 0A 00 00 00 0D 49 48 44 52"
"6.1.png","I:\Github\Ultimate-_tarter_Kit_for_Pico_W_PDF\Ultimate-Starter-Kit-for-Pico-W\docs\source\1.C_Tutorial\img\3.connect\6.1.png","I:\Github\Ultimate-_tarter_Kit_for_Pico_W_PDF\Ultimate-Starter-Kit-for-Pico-W\docs\source\1.C_Tutorial\img\3.connect\6.1.png","254320","PNG","False","89 50 4E 47 0D 0A 1A 0A 00 00 00 0D 49 48 44 52"
"6.10.png","I:\Github\Ultimate-_tarter_Kit_for_Pico_W_PDF\Ultimate-Starter-Kit-for-Pico-W\docs\source\1.C_Tutorial\img\3.connect\6.10.png","I:\Github\Ultimate-_tarter_Kit_for_Pico_W_PDF\Ultimate-Starter-Kit-for-Pico-W\docs\source\1.C_Tutorial\img\3.connect\6.10.png","245446","PNG","False","89 50 4E 47 0D 0A 1A 0A 00 00 00 0D 49 48 44 52"
"6.11.png","I:\Github\Ultimate-_tarter_Kit_for_Pico_W_PDF\Ultimate-Starter-Kit-for-Pico-W\docs\source\1.C_Tutorial\img\3.connect\6.11.png","I:\Github\Ultimate-_tarter_Kit_for_Pico_W_PDF\Ultimate-Starter-Kit-for-Pico-W\docs\source\1.C_Tutorial\img\3.connect\6.11.png","289060","PNG","False","89 50 4E 47 0D 0A 1A 0A 00 00 00 0D 49 48 44 52"
"6.12.png","I:\Github\Ultimate-_tarter_Kit_for_Pico_W_PDF\Ultimate-Starter-Kit-for-Pico-W\docs\source\1.C_Tutorial\img\3.connect\6.12.png","I:\Github\Ultimate-_tarter_Kit_for_Pico_W_PDF\Ultimate-Starter-Kit-for-Pico-W\docs\source\1.C_Tutorial\img\3.connect\6.12.png","316828","PNG","False","89 50 4E 47 0D 0A 1A 0A 00 00 00 0D 49 48 44 52"
"6.13.png","I:\Github\Ultimate-_tarter_Kit_for_Pico_W_PDF\Ultimate-Starter-Kit-for-Pico-W\docs\source\1.C_Tutorial\img\3.connect\6.13.png","I:\Github\Ultimate-_tarter_Kit_for_Pico_W_PDF\Ultimate-Starter-Kit-for-Pico-W\docs\source\1.C_Tutorial\img\3.connect\6.13.png","292534","PNG","False","89 50 4E 47 0D 0A 1A 0A 00 00 00 0D 49 48 44 52"
"6.2.png","I:\Github\Ultimate-_tarter_Kit_for_Pico_W_PDF\Ultimate-Starter-Kit-for-Pico-W\docs\source\1.C_Tutorial\img\3.connect\6.2.png","I:\Github\Ultimate-_tarter_Kit_for_Pico_W_PDF\Ultimate-Starter-Kit-for-Pico-W\docs\source\1.C_Tutorial\img\3.connect\6.2.png","254069","PNG","False","89 50 4E 47 0D 0A 1A 0A 00 00 00 0D 49 48 44 52"
"6.3.png","I:\Github\Ultimate-_tarter_Kit_for_Pico_W_PDF\Ultimate-Starter-Kit-for-Pico-W\docs\source\1.C_Tutorial\img\3.connect\6.3.png","I:\Github\Ultimate-_tarter_Kit_for_Pico_W_PDF\Ultimate-Starter-Kit-for-Pico-W\docs\source\1.C_Tutorial\img\3.connect\6.3.png","220408","PNG","False","89 50 4E 47 0D 0A 1A 0A 00 00 00 0D 49 48 44 52"
"6.4.png","I:\Github\Ultimate-_tarter_Kit_for_Pico_W_PDF\Ultimate-Starter-Kit-for-Pico-W\docs\source\1.C_Tutorial\img\3.connect\6.4.png","I:\Github\Ultimate-_tarter_Kit_for_Pico_W_PDF\Ultimate-Starter-Kit-for-Pico-W\docs\source\1.C_Tutorial\img\3.connect\6.4.png","269886","PNG","False","89 50 4E 47 0D 0A 1A 0A 00 00 00 0D 49 48 44 52"
"6.5.png","I:\Github\Ultimate-_tarter_Kit_for_Pico_W_PDF\Ultimate-Starter-Kit-for-Pico-W\docs\source\1.C_Tutorial\img\3.connect\6.5.png","I:\Github\Ultimate-_tarter_Kit_for_Pico_W_PDF\Ultimate-Starter-Kit-for-Pico-W\docs\source\1.C_Tutorial\img\3.connect\6.5.png","142764","WebP","True","52 49 46 46 A4 2D 02 00 57 45 42 50 56 50 38 4C"
"6.6.png","I:\Github\Ultimate-_tarter_Kit_for_Pico_W_PDF\Ultimate-Starter-Kit-for-Pico-W\docs\source\1.C_Tutorial\img\3.connect\6.6.png","I:\Github\Ultimate-_tarter_Kit_for_Pico_W_PDF\Ultimate-Starter-Kit-for-Pico-W\docs\source\1.C_Tutorial\img\3.connect\6.6.png","315852","PNG","False","89 50 4E 47 0D 0A 1A 0A 00 00 00 0D 49 48 44 52"
"6.7.png","I:\Github\Ultimate-_tarter_Kit_for_Pico_W_PDF\Ultimate-Starter-Kit-for-Pico-W\docs\source\1.C_Tutorial\img\3.connect\6.7.png","I:\Github\Ultimate-_tarter_Kit_for_Pico_W_PDF\Ultimate-Starter-Kit-for-Pico-W\docs\source\1.C_Tutorial\img\3.connect\6.7.png","382977","PNG","False","89 50 4E 47 0D 0A 1A 0A 00 00 00 0D 49 48 44 52"
"6.8.png","I:\Github\Ultimate-_tarter_Kit_for_Pico_W_PDF\Ultimate-Starter-Kit-for-Pico-W\docs\source\1.C_Tutorial\img\3.connect\6.8.png","I:\Github\Ultimate-_tarter_Kit_for_Pico_W_PDF\Ultimate-Starter-Kit-for-Pico-W\docs\source\1.C_Tutorial\img\3.connect\6.8.png","186022","PNG","False","89 50 4E 47 0D 0A 1A 0A 00 00 00 0D 49 48 44 52"
"6.9.png","I:\Github\Ultimate-_tarter_Kit_for_Pico_W_PDF\Ultimate-Starter-Kit-for-Pico-W\docs\source\1.C_Tutorial\img\3.connect\6.9.png","I:\Github\Ultimate-_tarter_Kit_for_Pico_W_PDF\Ultimate-Starter-Kit-for-Pico-W\docs\source\1.C_Tutorial\img\3.connect\6.9.png","316356","WebP","True","52 49 46 46 BC D3 04 00 57 45 42 50 56 50 38 4C"
"1.1.png","I:\Github\Ultimate-_tarter_Kit_for_Pico_W_PDF\Ultimate-Starter-Kit-for-Pico-W\docs\source\1.C_Tutorial\img\4.software\1.1.png","I:\Github\Ultimate-_tarter_Kit_for_Pico_W_PDF\Ultimate-Starter-Kit-for-Pico-W\docs\source\1.C_Tutorial\img\4.software\1.1.png","61781","PNG","False","89 50 4E 47 0D 0A 1A 0A 00 00 00 0D 49 48 44 52"
"1.10.png","I:\Github\Ultimate-_tarter_Kit_for_Pico_W_PDF\Ultimate-Starter-Kit-for-Pico-W\docs\source\1.C_Tutorial\img\4.software\1.10.png","I:\Github\Ultimate-_tarter_Kit_for_Pico_W_PDF\Ultimate-Starter-Kit-for-Pico-W\docs\source\1.C_Tutorial\img\4.software\1.10.png","37186","PNG","False","89 50 4E 47 0D 0A 1A 0A 00 00 00 0D 49 48 44 52"
"1.11.png","I:\Github\Ultimate-_tarter_Kit_for_Pico_W_PDF\Ultimate-Starter-Kit-for-Pico-W\docs\source\1.C_Tutorial\img\4.software\1.11.png","I:\Github\Ultimate-_tarter_Kit_for_Pico_W_PDF\Ultimate-Starter-Kit-for-Pico-W\docs\source\1.C_Tutorial\img\4.software\1.11.png","35625","PNG","False","89 50 4E 47 0D 0A 1A 0A 00 00 00 0D 49 48 44 52"
"1.12.png","I:\Github\Ultimate-_tarter_Kit_for_Pico_W_PDF\Ultimate-Starter-Kit-for-Pico-W\docs\source\1.C_Tutorial\img\4.software\1.12.png","I:\Github\Ultimate-_tarter_Kit_for_Pico_W_PDF\Ultimate-Starter-Kit-for-Pico-W\docs\source\1.C_Tutorial\img\4.software\1.12.png","35127","PNG","False","89 50 4E 47 0D 0A 1A 0A 00 00 00 0D 49 48 44 52"
"1.13.png","I:\Github\Ultimate-_tarter_Kit_for_Pico_W_PDF\Ultimate-Starter-Kit-for-Pico-W\docs\source\1.C_Tutorial\img\4.software\1.13.png","I:\Github\Ultimate-_tarter_Kit_for_Pico_W_PDF\Ultimate-Starter-Kit-for-Pico-W\docs\source\1.C_Tutorial\img\4.software\1.13.png","40275","PNG","False","89 50 4E 47 0D 0A 1A 0A 00 00 00 0D 49 48 44 52"
"1.14.png","I:\Github\Ultimate-_tarter_Kit_for_Pico_W_PDF\Ultimate-Starter-Kit-for-Pico-W\docs\source\1.C_Tutorial\img\4.software\1.14.png","I:\Github\Ultimate-_tarter_Kit_for_Pico_W_PDF\Ultimate-Starter-Kit-for-Pico-W\docs\source\1.C_Tutorial\img\4.software\1.14.png","34438","PNG","False","89 50 4E 47 0D 0A 1A 0A 00 00 00 0D 49 48 44 52"
"1.15.png","I:\Github\Ultimate-_tarter_Kit_for_Pico_W_PDF\Ultimate-Starter-Kit-for-Pico-W\docs\source\1.C_Tutorial\img\4.software\1.15.png","I:\Github\Ultimate-_tarter_Kit_for_Pico_W_PDF\Ultimate-Starter-Kit-for-Pico-W\docs\source\1.C_Tutorial\img\4.software\1.15.png","35650","PNG","False","89 50 4E 47 0D 0A 1A 0A 00 00 00 0D 49 48 44 52"
"1.16.png","I:\Github\Ultimate-_tarter_Kit_for_Pico_W_PDF\Ultimate-Starter-Kit-for-Pico-W\docs\source\1.C_Tutorial\img\4.software\1.16.png","I:\Github\Ultimate-_tarter_Kit_for_Pico_W_PDF\Ultimate-Starter-Kit-for-Pico-W\docs\source\1.C_Tutorial\img\4.software\1.16.png","33488","PNG","False","89 50 4E 47 0D 0A 1A 0A 00 00 00 0D 49 48 44 52"
"1.2.png","I:\Github\Ultimate-_tarter_Kit_for_Pico_W_PDF\Ultimate-Starter-Kit-for-Pico-W\docs\source\1.C_Tutorial\img\4.software\1.2.png","I:\Github\Ultimate-_tarter_Kit_for_Pico_W_PDF\Ultimate-Starter-Kit-for-Pico-W\docs\source\1.C_Tutorial\img\4.software\1.2.png","55709","PNG","False","89 50 4E 47 0D 0A 1A 0A 00 00 00 0D 49 48 44 52"
"1.3.png","I:\Github\Ultimate-_tarter_Kit_for_Pico_W_PDF\Ultimate-Starter-Kit-for-Pico-W\docs\source\1.C_Tutorial\img\4.software\1.3.png","I:\Github\Ultimate-_tarter_Kit_for_Pico_W_PDF\Ultimate-Starter-Kit-for-Pico-W\docs\source\1.C_Tutorial\img\4.software\1.3.png","30054","PNG","False","89 50 4E 47 0D 0A 1A 0A 00 00 00 0D 49 48 44 52"
"1.4.png","I:\Github\Ultimate-_tarter_Kit_for_Pico_W_PDF\Ultimate-Starter-Kit-for-Pico-W\docs\source\1.C_Tutorial\img\4.software\1.4.png","I:\Github\Ultimate-_tarter_Kit_for_Pico_W_PDF\Ultimate-Starter-Kit-for-Pico-W\docs\source\1.C_Tutorial\img\4.software\1.4.png","47235","PNG","False","89 50 4E 47 0D 0A 1A 0A 00 00 00 0D 49 48 44 52"
"1.5.png","I:\Github\Ultimate-_tarter_Kit_for_Pico_W_PDF\Ultimate-Starter-Kit-for-Pico-W\docs\source\1.C_Tutorial\img\4.software\1.5.png","I:\Github\Ultimate-_tarter_Kit_for_Pico_W_PDF\Ultimate-Starter-Kit-for-Pico-W\docs\source\1.C_Tutorial\img\4.software\1.5.png","38699","PNG","False","89 50 4E 47 0D 0A 1A 0A 00 00 00 0D 49 48 44 52"
"1.6.png","I:\Github\Ultimate-_tarter_Kit_for_Pico_W_PDF\Ultimate-Starter-Kit-for-Pico-W\docs\source\1.C_Tutorial\img\4.software\1.6.png","I:\Github\Ultimate-_tarter_Kit_for_Pico_W_PDF\Ultimate-Starter-Kit-for-Pico-W\docs\source\1.C_Tutorial\img\4.software\1.6.png","32180","PNG","False","89 50 4E 47 0D 0A 1A 0A 00 00 00 0D 49 48 44 52"
"1.7.png","I:\Github\Ultimate-_tarter_Kit_for_Pico_W_PDF\Ultimate-Starter-Kit-for-Pico-W\docs\source\1.C_Tutorial\img\4.software\1.7.png","I:\Github\Ultimate-_tarter_Kit_for_Pico_W_PDF\Ultimate-Starter-Kit-for-Pico-W\docs\source\1.C_Tutorial\img\4.software\1.7.png","45645","PNG","False","89 50 4E 47 0D 0A 1A 0A 00 00 00 0D 49 48 44 52"
"1.8.png","I:\Github\Ultimate-_tarter_Kit_for_Pico_W_PDF\Ultimate-Starter-Kit-for-Pico-W\docs\source\1.C_Tutorial\img\4.software\1.8.png","I:\Github\Ultimate-_tarter_Kit_for_Pico_W_PDF\Ultimate-Starter-Kit-for-Pico-W\docs\source\1.C_Tutorial\img\4.software\1.8.png","30977","PNG","False","89 50 4E 47 0D 0A 1A 0A 00 00 00 0D 49 48 44 52"
"1.9.png","I:\Github\Ultimate-_tarter_Kit_for_Pico_W_PDF\Ultimate-Starter-Kit-for-Pico-W\docs\source\1.C_Tutorial\img\4.software\1.9.png","I:\Github\Ultimate-_tarter_Kit_for_Pico_W_PDF\Ultimate-Starter-Kit-for-Pico-W\docs\source\1.C_Tutorial\img\4.software\1.9.png","37036","PNG","False","89 50 4E 47 0D 0A 1A 0A 00 00 00 0D 49 48 44 52"
"2.1.png","I:\Github\Ultimate-_tarter_Kit_for_Pico_W_PDF\Ultimate-Starter-Kit-for-Pico-W\docs\source\1.C_Tutorial\img\4.software\2.1.png","I:\Github\Ultimate-_tarter_Kit_for_Pico_W_PDF\Ultimate-Starter-Kit-for-Pico-W\docs\source\1.C_Tutorial\img\4.software\2.1.png","32230","PNG","False","89 50 4E 47 0D 0A 1A 0A 00 00 00 0D 49 48 44 52"
"2.2.png","I:\Github\Ultimate-_tarter_Kit_for_Pico_W_PDF\Ultimate-Starter-Kit-for-Pico-W\docs\source\1.C_Tutorial\img\4.software\2.2.png","I:\Github\Ultimate-_tarter_Kit_for_Pico_W_PDF\Ultimate-Starter-Kit-for-Pico-W\docs\source\1.C_Tutorial\img\4.software\2.2.png","39580","PNG","False","89 50 4E 47 0D 0A 1A 0A 00 00 00 0D 49 48 44 52"
"2.3-1.png","I:\Github\Ultimate-_tarter_Kit_for_Pico_W_PDF\Ultimate-Starter-Kit-for-Pico-W\docs\source\1.C_Tutorial\img\4.software\2.3-1.png","I:\Github\Ultimate-_tarter_Kit_for_Pico_W_PDF\Ultimate-Starter-Kit-for-Pico-W\docs\source\1.C_Tutorial\img\4.software\2.3-1.png","65545","PNG","False","89 50 4E 47 0D 0A 1A 0A 00 00 00 0D 49 48 44 52"
"2.3-2.png","I:\Github\Ultimate-_tarter_Kit_for_Pico_W_PDF\Ultimate-Starter-Kit-for-Pico-W\docs\source\1.C_Tutorial\img\4.software\2.3-2.png","I:\Github\Ultimate-_tarter_Kit_for_Pico_W_PDF\Ultimate-Starter-Kit-for-Pico-W\docs\source\1.C_Tutorial\img\4.software\2.3-2.png","60903","PNG","False","89 50 4E 47 0D 0A 1A 0A 00 00 00 0D 49 48 44 52"
"2.3-3.png","I:\Github\Ultimate-_tarter_Kit_for_Pico_W_PDF\Ultimate-Starter-Kit-for-Pico-W\docs\source\1.C_Tutorial\img\4.software\2.3-3.png","I:\Github\Ultimate-_tarter_Kit_for_Pico_W_PDF\Ultimate-Starter-Kit-for-Pico-W\docs\source\1.C_Tutorial\img\4.software\2.3-3.png","59944","PNG","False","89 50 4E 47 0D 0A 1A 0A 00 00 00 0D 49 48 44 52"
"2.4.png","I:\Github\Ultimate-_tarter_Kit_for_Pico_W_PDF\Ultimate-Starter-Kit-for-Pico-W\docs\source\1.C_Tutorial\img\4.software\2.4.png","I:\Github\Ultimate-_tarter_Kit_for_Pico_W_PDF\Ultimate-Starter-Kit-for-Pico-W\docs\source\1.C_Tutorial\img\4.software\2.4.png","40755","PNG","False","89 50 4E 47 0D 0A 1A 0A 00 00 00 0D 49 48 44 52"
"2.5.png","I:\Github\Ultimate-_tarter_Kit_for_Pico_W_PDF\Ultimate-Starter-Kit-for-Pico-W\docs\source\1.C_Tutorial\img\4.software\2.5.png","I:\Github\Ultimate-_tarter_Kit_for_Pico_W_PDF\Ultimate-Starter-Kit-for-Pico-W\docs\source\1.C_Tutorial\img\4.software\2.5.png","42588","PNG","False","89 50 4E 47 0D 0A 1A 0A 00 00 00 0D 49 48 44 52"
"2.6.png","I:\Github\Ultimate-_tarter_Kit_for_Pico_W_PDF\Ultimate-Starter-Kit-for-Pico-W\docs\source\1.C_Tutorial\img\4.software\2.6.png","I:\Github\Ultimate-_tarter_Kit_for_Pico_W_PDF\Ultimate-Starter-Kit-for-Pico-W\docs\source\1.C_Tutorial\img\4.software\2.6.png","38437","PNG","False","89 50 4E 47 0D 0A 1A 0A 00 00 00 0D 49 48 44 52"
"2.7.png","I:\Github\Ultimate-_tarter_Kit_for_Pico_W_PDF\Ultimate-Starter-Kit-for-Pico-W\docs\source\1.C_Tutorial\img\4.software\2.7.png","I:\Github\Ultimate-_tarter_Kit_for_Pico_W_PDF\Ultimate-Starter-Kit-for-Pico-W\docs\source\1.C_Tutorial\img\4.software\2.7.png","38949","PNG","False","89 50 4E 47 0D 0A 1A 0A 00 00 00 0D 49 48 44 52"
"3.1.png","I:\Github\Ultimate-_tarter_Kit_for_Pico_W_PDF\Ultimate-Starter-Kit-for-Pico-W\docs\source\1.C_Tutorial\img\4.software\3.1.png","I:\Github\Ultimate-_tarter_Kit_for_Pico_W_PDF\Ultimate-Starter-Kit-for-Pico-W\docs\source\1.C_Tutorial\img\4.software\3.1.png","51518","PNG","False","89 50 4E 47 0D 0A 1A 0A 00 00 00 0D 49 48 44 52"
"3.2.png","I:\Github\Ultimate-_tarter_Kit_for_Pico_W_PDF\Ultimate-Starter-Kit-for-Pico-W\docs\source\1.C_Tutorial\img\4.software\3.2.png","I:\Github\Ultimate-_tarter_Kit_for_Pico_W_PDF\Ultimate-Starter-Kit-for-Pico-W\docs\source\1.C_Tutorial\img\4.software\3.2.png","54681","PNG","False","89 50 4E 47 0D 0A 1A 0A 00 00 00 0D 49 48 44 52"
"3.3.png","I:\Github\Ultimate-_tarter_Kit_for_Pico_W_PDF\Ultimate-Starter-Kit-for-Pico-W\docs\source\1.C_Tutorial\img\4.software\3.3.png","I:\Github\Ultimate-_tarter_Kit_for_Pico_W_PDF\Ultimate-Starter-Kit-for-Pico-W\docs\source\1.C_Tutorial\img\4.software\3.3.png","62889","PNG","False","89 50 4E 47 0D 0A 1A 0A 00 00 00 0D 49 48 44 52"
"4.1.png","I:\Github\Ultimate-_tarter_Kit_for_Pico_W_PDF\Ultimate-Starter-Kit-for-Pico-W\docs\source\1.C_Tutorial\img\4.software\4.1.png","I:\Github\Ultimate-_tarter_Kit_for_Pico_W_PDF\Ultimate-Starter-Kit-for-Pico-W\docs\source\1.C_Tutorial\img\4.software\4.1.png","50993","PNG","False","89 50 4E 47 0D 0A 1A 0A 00 00 00 0D 49 48 44 52"
"4.2.png","I:\Github\Ultimate-_tarter_Kit_for_Pico_W_PDF\Ultimate-Starter-Kit-for-Pico-W\docs\source\1.C_Tutorial\img\4.software\4.2.png","I:\Github\Ultimate-_tarter_Kit_for_Pico_W_PDF\Ultimate-Starter-Kit-for-Pico-W\docs\source\1.C_Tutorial\img\4.software\4.2.png","41908","PNG","False","89 50 4E 47 0D 0A 1A 0A 00 00 00 0D 49 48 44 52"
"4.3.png","I:\Github\Ultimate-_tarter_Kit_for_Pico_W_PDF\Ultimate-Starter-Kit-for-Pico-W\docs\source\1.C_Tutorial\img\4.software\4.3.png","I:\Github\Ultimate-_tarter_Kit_for_Pico_W_PDF\Ultimate-Starter-Kit-for-Pico-W\docs\source\1.C_Tutorial\img\4.software\4.3.png","49129","PNG","False","89 50 4E 47 0D 0A 1A 0A 00 00 00 0D 49 48 44 52"
"4.4.png","I:\Github\Ultimate-_tarter_Kit_for_Pico_W_PDF\Ultimate-Starter-Kit-for-Pico-W\docs\source\1.C_Tutorial\img\4.software\4.4.png","I:\Github\Ultimate-_tarter_Kit_for_Pico_W_PDF\Ultimate-Starter-Kit-for-Pico-W\docs\source\1.C_Tutorial\img\4.software\4.4.png","39280","PNG","False","89 50 4E 47 0D 0A 1A 0A 00 00 00 0D 49 48 44 52"
"5.1.png","I:\Github\Ultimate-_tarter_Kit_for_Pico_W_PDF\Ultimate-Starter-Kit-for-Pico-W\docs\source\1.C_Tutorial\img\4.software\5.1.png","I:\Github\Ultimate-_tarter_Kit_for_Pico_W_PDF\Ultimate-Starter-Kit-for-Pico-W\docs\source\1.C_Tutorial\img\4.software\5.1.png","47071","PNG","False","89 50 4E 47 0D 0A 1A 0A 00 00 00 0D 49 48 44 52"
"5.2.png","I:\Github\Ultimate-_tarter_Kit_for_Pico_W_PDF\Ultimate-Starter-Kit-for-Pico-W\docs\source\1.C_Tutorial\img\4.software\5.2.png","I:\Github\Ultimate-_tarter_Kit_for_Pico_W_PDF\Ultimate-Starter-Kit-for-Pico-W\docs\source\1.C_Tutorial\img\4.software\5.2.png","43217","PNG","False","89 50 4E 47 0D 0A 1A 0A 00 00 00 0D 49 48 44 52"
"5.3.png","I:\Github\Ultimate-_tarter_Kit_for_Pico_W_PDF\Ultimate-Starter-Kit-for-Pico-W\docs\source\1.C_Tutorial\img\4.software\5.3.png","I:\Github\Ultimate-_tarter_Kit_for_Pico_W_PDF\Ultimate-Starter-Kit-for-Pico-W\docs\source\1.C_Tutorial\img\4.software\5.3.png","44246","PNG","False","89 50 4E 47 0D 0A 1A 0A 00 00 00 0D 49 48 44 52"
"5.4.png","I:\Github\Ultimate-_tarter_Kit_for_Pico_W_PDF\Ultimate-Starter-Kit-for-Pico-W\docs\source\1.C_Tutorial\img\4.software\5.4.png","I:\Github\Ultimate-_tarter_Kit_for_Pico_W_PDF\Ultimate-Starter-Kit-for-Pico-W\docs\source\1.C_Tutorial\img\4.software\5.4.png","45773","PNG","False","89 50 4E 47 0D 0A 1A 0A 00 00 00 0D 49 48 44 52"
"5.5-1.png","I:\Github\Ultimate-_tarter_Kit_for_Pico_W_PDF\Ultimate-Starter-Kit-for-Pico-W\docs\source\1.C_Tutorial\img\4.software\5.5-1.png","I:\Github\Ultimate-_tarter_Kit_for_Pico_W_PDF\Ultimate-Starter-Kit-for-Pico-W\docs\source\1.C_Tutorial\img\4.software\5.5-1.png","37226","PNG","False","89 50 4E 47 0D 0A 1A 0A 00 00 00 0D 49 48 44 52"
"5.5-2.png","I:\Github\Ultimate-_tarter_Kit_for_Pico_W_PDF\Ultimate-Starter-Kit-for-Pico-W\docs\source\1.C_Tutorial\img\4.software\5.5-2.png","I:\Github\Ultimate-_tarter_Kit_for_Pico_W_PDF\Ultimate-Starter-Kit-for-Pico-W\docs\source\1.C_Tutorial\img\4.software\5.5-2.png","53269","PNG","False","89 50 4E 47 0D 0A 1A 0A 00 00 00 0D 49 48 44 52"
"1.10.png","I:\Github\Ultimate-_tarter_Kit_for_Pico_W_PDF\Ultimate-Starter-Kit-for-Pico-W\docs\source\1.C_Tutorial\img\5.phenomenon\1.10.png","I:\Github\Ultimate-_tarter_Kit_for_Pico_W_PDF\Ultimate-Starter-Kit-for-Pico-W\docs\source\1.C_Tutorial\img\5.phenomenon\1.10.png","2455644","JPEG","True","FF D8 FF E5 00 1A 49 54 55 54 33 35 26 04 00 06"
"1.12.png","I:\Github\Ultimate-_tarter_Kit_for_Pico_W_PDF\Ultimate-Starter-Kit-for-Pico-W\docs\source\1.C_Tutorial\img\5.phenomenon\1.12.png","I:\Github\Ultimate-_tarter_Kit_for_Pico_W_PDF\Ultimate-Starter-Kit-for-Pico-W\docs\source\1.C_Tutorial\img\5.phenomenon\1.12.png","2482301","JPEG","True","FF D8 FF E5 00 1A 49 54 55 54 33 35 26 04 00 06"
"1.13.png","I:\Github\Ultimate-_tarter_Kit_for_Pico_W_PDF\Ultimate-Starter-Kit-for-Pico-W\docs\source\1.C_Tutorial\img\5.phenomenon\1.13.png","I:\Github\Ultimate-_tarter_Kit_for_Pico_W_PDF\Ultimate-Starter-Kit-for-Pico-W\docs\source\1.C_Tutorial\img\5.phenomenon\1.13.png","2891044","JPEG","True","FF D8 FF E5 00 1A 49 54 55 54 33 35 26 04 00 06"
"1.14.png","I:\Github\Ultimate-_tarter_Kit_for_Pico_W_PDF\Ultimate-Starter-Kit-for-Pico-W\docs\source\1.C_Tutorial\img\5.phenomenon\1.14.png","I:\Github\Ultimate-_tarter_Kit_for_Pico_W_PDF\Ultimate-Starter-Kit-for-Pico-W\docs\source\1.C_Tutorial\img\5.phenomenon\1.14.png","2651313","JPEG","True","FF D8 FF E5 00 1A 49 54 55 54 33 35 26 04 00 06"
"1.2.png","I:\Github\Ultimate-_tarter_Kit_for_Pico_W_PDF\Ultimate-Starter-Kit-for-Pico-W\docs\source\1.C_Tutorial\img\5.phenomenon\1.2.png","I:\Github\Ultimate-_tarter_Kit_for_Pico_W_PDF\Ultimate-Starter-Kit-for-Pico-W\docs\source\1.C_Tutorial\img\5.phenomenon\1.2.png","2863826","JPEG","True","FF D8 FF E5 00 1A 49 54 55 54 33 35 26 04 00 06"
"1.6.png","I:\Github\Ultimate-_tarter_Kit_for_Pico_W_PDF\Ultimate-Starter-Kit-for-Pico-W\docs\source\1.C_Tutorial\img\5.phenomenon\1.6.png","I:\Github\Ultimate-_tarter_Kit_for_Pico_W_PDF\Ultimate-Starter-Kit-for-Pico-W\docs\source\1.C_Tutorial\img\5.phenomenon\1.6.png","2915852","JPEG","True","FF D8 FF E5 00 1A 49 54 55 54 33 35 26 04 00 06"
"1.7.png","I:\Github\Ultimate-_tarter_Kit_for_Pico_W_PDF\Ultimate-Starter-Kit-for-Pico-W\docs\source\1.C_Tutorial\img\5.phenomenon\1.7.png","I:\Github\Ultimate-_tarter_Kit_for_Pico_W_PDF\Ultimate-Starter-Kit-for-Pico-W\docs\source\1.C_Tutorial\img\5.phenomenon\1.7.png","2330488","JPEG","True","FF D8 FF E5 00 1A 49 54 55 54 33 35 26 04 00 06"
"1.8.png","I:\Github\Ultimate-_tarter_Kit_for_Pico_W_PDF\Ultimate-Starter-Kit-for-Pico-W\docs\source\1.C_Tutorial\img\5.phenomenon\1.8.png","I:\Github\Ultimate-_tarter_Kit_for_Pico_W_PDF\Ultimate-Starter-Kit-for-Pico-W\docs\source\1.C_Tutorial\img\5.phenomenon\1.8.png","2265815","JPEG","True","FF D8 FF E5 00 1A 49 54 55 54 33 35 26 04 00 06"
"1.9.png","I:\Github\Ultimate-_tarter_Kit_for_Pico_W_PDF\Ultimate-Starter-Kit-for-Pico-W\docs\source\1.C_Tutorial\img\5.phenomenon\1.9.png","I:\Github\Ultimate-_tarter_Kit_for_Pico_W_PDF\Ultimate-Starter-Kit-for-Pico-W\docs\source\1.C_Tutorial\img\5.phenomenon\1.9.png","2378402","JPEG","True","FF D8 FF E5 00 1A 49 54 55 54 33 35 26 04 00 06"
"2.1.png","I:\Github\Ultimate-_tarter_Kit_for_Pico_W_PDF\Ultimate-Starter-Kit-for-Pico-W\docs\source\1.C_Tutorial\img\5.phenomenon\2.1.png","I:\Github\Ultimate-_tarter_Kit_for_Pico_W_PDF\Ultimate-Starter-Kit-for-Pico-W\docs\source\1.C_Tutorial\img\5.phenomenon\2.1.png","2480299","JPEG","True","FF D8 FF E5 00 1A 49 54 55 54 33 35 26 04 00 06"
"2.2.png","I:\Github\Ultimate-_tarter_Kit_for_Pico_W_PDF\Ultimate-Starter-Kit-for-Pico-W\docs\source\1.C_Tutorial\img\5.phenomenon\2.2.png","I:\Github\Ultimate-_tarter_Kit_for_Pico_W_PDF\Ultimate-Starter-Kit-for-Pico-W\docs\source\1.C_Tutorial\img\5.phenomenon\2.2.png","2801273","JPEG","True","FF D8 FF E5 00 1A 49 54 55 54 33 35 26 04 00 06"
"2.3.png","I:\Github\Ultimate-_tarter_Kit_for_Pico_W_PDF\Ultimate-Starter-Kit-for-Pico-W\docs\source\1.C_Tutorial\img\5.phenomenon\2.3.png","I:\Github\Ultimate-_tarter_Kit_for_Pico_W_PDF\Ultimate-Starter-Kit-for-Pico-W\docs\source\1.C_Tutorial\img\5.phenomenon\2.3.png","2202508","JPEG","True","FF D8 FF E5 00 1A 49 54 55 54 33 35 26 04 00 06"
"3.1.png","I:\Github\Ultimate-_tarter_Kit_for_Pico_W_PDF\Ultimate-Starter-Kit-for-Pico-W\docs\source\1.C_Tutorial\img\5.phenomenon\3.1.png","I:\Github\Ultimate-_tarter_Kit_for_Pico_W_PDF\Ultimate-Starter-Kit-for-Pico-W\docs\source\1.C_Tutorial\img\5.phenomenon\3.1.png","3275821","JPEG","True","FF D8 FF E5 00 1A 49 54 55 54 33 35 26 04 00 06"
"3.2.png","I:\Github\Ultimate-_tarter_Kit_for_Pico_W_PDF\Ultimate-Starter-Kit-for-Pico-W\docs\source\1.C_Tutorial\img\5.phenomenon\3.2.png","I:\Github\Ultimate-_tarter_Kit_for_Pico_W_PDF\Ultimate-Starter-Kit-for-Pico-W\docs\source\1.C_Tutorial\img\5.phenomenon\3.2.png","113983","JPEG","True","FF D8 FF E0 00 10 4A 46 49 46 00 01 01 00 00 01"
"3.3.png","I:\Github\Ultimate-_tarter_Kit_for_Pico_W_PDF\Ultimate-Starter-Kit-for-Pico-W\docs\source\1.C_Tutorial\img\5.phenomenon\3.3.png","I:\Github\Ultimate-_tarter_Kit_for_Pico_W_PDF\Ultimate-Starter-Kit-for-Pico-W\docs\source\1.C_Tutorial\img\5.phenomenon\3.3.png","2964861","JPEG","True","FF D8 FF E5 00 1A 49 54 55 54 33 35 26 04 00 06"
"5.1.png","I:\Github\Ultimate-_tarter_Kit_for_Pico_W_PDF\Ultimate-Starter-Kit-for-Pico-W\docs\source\1.C_Tutorial\img\5.phenomenon\5.1.png","I:\Github\Ultimate-_tarter_Kit_for_Pico_W_PDF\Ultimate-Starter-Kit-for-Pico-W\docs\source\1.C_Tutorial\img\5.phenomenon\5.1.png","2610798","JPEG","True","FF D8 FF E5 00 1A 49 54 55 54 33 35 26 04 00 06"
"5.2.png","I:\Github\Ultimate-_tarter_Kit_for_Pico_W_PDF\Ultimate-Starter-Kit-for-Pico-W\docs\source\1.C_Tutorial\img\5.phenomenon\5.2.png","I:\Github\Ultimate-_tarter_Kit_for_Pico_W_PDF\Ultimate-Starter-Kit-for-Pico-W\docs\source\1.C_Tutorial\img\5.phenomenon\5.2.png","2340753","JPEG","True","FF D8 FF E5 00 1A 49 54 55 54 33 35 26 04 00 06"
"5.3.png","I:\Github\Ultimate-_tarter_Kit_for_Pico_W_PDF\Ultimate-Starter-Kit-for-Pico-W\docs\source\1.C_Tutorial\img\5.phenomenon\5.3.png","I:\Github\Ultimate-_tarter_Kit_for_Pico_W_PDF\Ultimate-Starter-Kit-for-Pico-W\docs\source\1.C_Tutorial\img\5.phenomenon\5.3.png","2228523","JPEG","True","FF D8 FF E5 00 1A 49 54 55 54 33 35 26 04 00 06"
"5.4.png","I:\Github\Ultimate-_tarter_Kit_for_Pico_W_PDF\Ultimate-Starter-Kit-for-Pico-W\docs\source\1.C_Tutorial\img\5.phenomenon\5.4.png","I:\Github\Ultimate-_tarter_Kit_for_Pico_W_PDF\Ultimate-Starter-Kit-for-Pico-W\docs\source\1.C_Tutorial\img\5.phenomenon\5.4.png","727234","JPEG","True","FF D8 FF E0 00 10 4A 46 49 46 00 01 01 01 00 60"
"5.5.png","I:\Github\Ultimate-_tarter_Kit_for_Pico_W_PDF\Ultimate-Starter-Kit-for-Pico-W\docs\source\1.C_Tutorial\img\5.phenomenon\5.5.png","I:\Github\Ultimate-_tarter_Kit_for_Pico_W_PDF\Ultimate-Starter-Kit-for-Pico-W\docs\source\1.C_Tutorial\img\5.phenomenon\5.5.png","2908156","JPEG","True","FF D8 FF E5 00 1A 49 54 55 54 33 35 26 04 00 06"
"6.11.png","I:\Github\Ultimate-_tarter_Kit_for_Pico_W_PDF\Ultimate-Starter-Kit-for-Pico-W\docs\source\1.C_Tutorial\img\5.phenomenon\6.11.png","I:\Github\Ultimate-_tarter_Kit_for_Pico_W_PDF\Ultimate-Starter-Kit-for-Pico-W\docs\source\1.C_Tutorial\img\5.phenomenon\6.11.png","3160573","JPEG","True","FF D8 FF E5 00 1A 49 54 55 54 33 35 26 04 00 06"
"6.12.png","I:\Github\Ultimate-_tarter_Kit_for_Pico_W_PDF\Ultimate-Starter-Kit-for-Pico-W\docs\source\1.C_Tutorial\img\5.phenomenon\6.12.png","I:\Github\Ultimate-_tarter_Kit_for_Pico_W_PDF\Ultimate-Starter-Kit-for-Pico-W\docs\source\1.C_Tutorial\img\5.phenomenon\6.12.png","2296509","JPEG","True","FF D8 FF E5 00 1A 49 54 55 54 33 35 26 04 00 06"
"pico_adc.png","I:\Github\Ultimate-_tarter_Kit_for_Pico_W_PDF\Ultimate-Starter-Kit-for-Pico-W\docs\source\1.C_Tutorial\img\6.other\pico_adc.png","I:\Github\Ultimate-_tarter_Kit_for_Pico_W_PDF\Ultimate-Starter-Kit-for-Pico-W\docs\source\1.C_Tutorial\img\6.other\pico_adc.png","86318","WebP","True","52 49 46 46 26 51 01 00 57 45 42 50 56 50 38 4C"
"PIR.png","I:\Github\Ultimate-_tarter_Kit_for_Pico_W_PDF\Ultimate-Starter-Kit-for-Pico-W\docs\source\1.C_Tutorial\img\6.other\PIR.png","I:\Github\Ultimate-_tarter_Kit_for_Pico_W_PDF\Ultimate-Starter-Kit-for-Pico-W\docs\source\1.C_Tutorial\img\6.other\PIR.png","486578","WebP","True","52 49 46 46 AA 6C 07 00 57 45 42 50 56 50 38 4C"
"PIR2.png","I:\Github\Ultimate-_tarter_Kit_for_Pico_W_PDF\Ultimate-Starter-Kit-for-Pico-W\docs\source\1.C_Tutorial\img\6.other\PIR2.png","I:\Github\Ultimate-_tarter_Kit_for_Pico_W_PDF\Ultimate-Starter-Kit-for-Pico-W\docs\source\1.C_Tutorial\img\6.other\PIR2.png","215206","JPEG","True","FF D8 FF E0 00 10 4A 46 49 46 00 01 01 00 00 01"
"1.3-1.png","I:\Github\Ultimate-_tarter_Kit_for_Pico_W_PDF\Ultimate-Starter-Kit-for-Pico-W\docs\source\2.Python_Tutorial\img\1.detail\1.3-1.png","I:\Github\Ultimate-_tarter_Kit_for_Pico_W_PDF\Ultimate-Starter-Kit-for-Pico-W\docs\source\2.Python_Tutorial\img\1.detail\1.3-1.png","192393","PNG","False","89 50 4E 47 0D 0A 1A 0A 00 00 00 0D 49 48 44 52"
"1.3.png","I:\Github\Ultimate-_tarter_Kit_for_Pico_W_PDF\Ultimate-Starter-Kit-for-Pico-W\docs\source\2.Python_Tutorial\img\1.detail\1.3.png","I:\Github\Ultimate-_tarter_Kit_for_Pico_W_PDF\Ultimate-Starter-Kit-for-Pico-W\docs\source\2.Python_Tutorial\img\1.detail\1.3.png","6258","WebP","True","52 49 46 46 6A 18 00 00 57 45 42 50 56 50 38 4C"
"1.6.png","I:\Github\Ultimate-_tarter_Kit_for_Pico_W_PDF\Ultimate-Starter-Kit-for-Pico-W\docs\source\2.Python_Tutorial\img\1.detail\1.6.png","I:\Github\Ultimate-_tarter_Kit_for_Pico_W_PDF\Ultimate-Starter-Kit-for-Pico-W\docs\source\2.Python_Tutorial\img\1.detail\1.6.png","8264","WebP","True","52 49 46 46 40 20 00 00 57 45 42 50 56 50 38 4C"
"1.7.png","I:\Github\Ultimate-_tarter_Kit_for_Pico_W_PDF\Ultimate-Starter-Kit-for-Pico-W\docs\source\2.Python_Tutorial\img\1.detail\1.7.png","I:\Github\Ultimate-_tarter_Kit_for_Pico_W_PDF\Ultimate-Starter-Kit-for-Pico-W\docs\source\2.Python_Tutorial\img\1.detail\1.7.png","16378","WebP","True","52 49 46 46 F2 3F 00 00 57 45 42 50 56 50 38 4C"
"2.1.png","I:\Github\Ultimate-_tarter_Kit_for_Pico_W_PDF\Ultimate-Starter-Kit-for-Pico-W\docs\source\2.Python_Tutorial\img\1.detail\2.1.png","I:\Github\Ultimate-_tarter_Kit_for_Pico_W_PDF\Ultimate-Starter-Kit-for-Pico-W\docs\source\2.Python_Tutorial\img\1.detail\2.1.png","128858","WebP","True","52 49 46 46 52 F7 01 00 57 45 42 50 56 50 38 4C"
"4.2.png","I:\Github\Ultimate-_tarter_Kit_for_Pico_W_PDF\Ultimate-Starter-Kit-for-Pico-W\docs\source\2.Python_Tutorial\img\1.detail\4.2.png","I:\Github\Ultimate-_tarter_Kit_for_Pico_W_PDF\Ultimate-Starter-Kit-for-Pico-W\docs\source\2.Python_Tutorial\img\1.detail\4.2.png","124018","WebP","True","52 49 46 46 6A E4 01 00 57 45 42 50 56 50 38 4C"
"5.2.png","I:\Github\Ultimate-_tarter_Kit_for_Pico_W_PDF\Ultimate-Starter-Kit-for-Pico-W\docs\source\2.Python_Tutorial\img\1.detail\5.2.png","I:\Github\Ultimate-_tarter_Kit_for_Pico_W_PDF\Ultimate-Starter-Kit-for-Pico-W\docs\source\2.Python_Tutorial\img\1.detail\5.2.png","53436","JPEG","True","FF D8 FF E0 00 10 4A 46 49 46 00 01 02 00 00 64"
"1.1.png","I:\Github\Ultimate-_tarter_Kit_for_Pico_W_PDF\Ultimate-Starter-Kit-for-Pico-W\docs\source\2.Python_Tutorial\img\2.sch\1.1.png","I:\Github\Ultimate-_tarter_Kit_for_Pico_W_PDF\Ultimate-Starter-Kit-for-Pico-W\docs\source\2.Python_Tutorial\img\2.sch\1.1.png","4164","WebP","True","52 49 46 46 3C 10 00 00 57 45 42 50 56 50 38 4C"
"1.10.png","I:\Github\Ultimate-_tarter_Kit_for_Pico_W_PDF\Ultimate-Starter-Kit-for-Pico-W\docs\source\2.Python_Tutorial\img\2.sch\1.10.png","I:\Github\Ultimate-_tarter_Kit_for_Pico_W_PDF\Ultimate-Starter-Kit-for-Pico-W\docs\source\2.Python_Tutorial\img\2.sch\1.10.png","4206","WebP","True","52 49 46 46 66 10 00 00 57 45 42 50 56 50 38 4C"
"1.11.png","I:\Github\Ultimate-_tarter_Kit_for_Pico_W_PDF\Ultimate-Starter-Kit-for-Pico-W\docs\source\2.Python_Tutorial\img\2.sch\1.11.png","I:\Github\Ultimate-_tarter_Kit_for_Pico_W_PDF\Ultimate-Starter-Kit-for-Pico-W\docs\source\2.Python_Tutorial\img\2.sch\1.11.png","7598","WebP","True","52 49 46 46 A6 1D 00 00 57 45 42 50 56 50 38 4C"
"1.12.png","I:\Github\Ultimate-_tarter_Kit_for_Pico_W_PDF\Ultimate-Starter-Kit-for-Pico-W\docs\source\2.Python_Tutorial\img\2.sch\1.12.png","I:\Github\Ultimate-_tarter_Kit_for_Pico_W_PDF\Ultimate-Starter-Kit-for-Pico-W\docs\source\2.Python_Tutorial\img\2.sch\1.12.png","4886","WebP","True","52 49 46 46 0E 13 00 00 57 45 42 50 56 50 38 4C"
"1.13.png","I:\Github\Ultimate-_tarter_Kit_for_Pico_W_PDF\Ultimate-Starter-Kit-for-Pico-W\docs\source\2.Python_Tutorial\img\2.sch\1.13.png","I:\Github\Ultimate-_tarter_Kit_for_Pico_W_PDF\Ultimate-Starter-Kit-for-Pico-W\docs\source\2.Python_Tutorial\img\2.sch\1.13.png","3798","WebP","True","52 49 46 46 CE 0E 00 00 57 45 42 50 56 50 38 4C"
"1.14.png","I:\Github\Ultimate-_tarter_Kit_for_Pico_W_PDF\Ultimate-Starter-Kit-for-Pico-W\docs\source\2.Python_Tutorial\img\2.sch\1.14.png","I:\Github\Ultimate-_tarter_Kit_for_Pico_W_PDF\Ultimate-Starter-Kit-for-Pico-W\docs\source\2.Python_Tutorial\img\2.sch\1.14.png","4598","WebP","True","52 49 46 46 EE 11 00 00 57 45 42 50 56 50 38 4C"
"1.15.png","I:\Github\Ultimate-_tarter_Kit_for_Pico_W_PDF\Ultimate-Starter-Kit-for-Pico-W\docs\source\2.Python_Tutorial\img\2.sch\1.15.png","I:\Github\Ultimate-_tarter_Kit_for_Pico_W_PDF\Ultimate-Starter-Kit-for-Pico-W\docs\source\2.Python_Tutorial\img\2.sch\1.15.png","9014","WebP","True","52 49 46 46 2E 23 00 00 57 45 42 50 56 50 38 4C"
"1.2.png","I:\Github\Ultimate-_tarter_Kit_for_Pico_W_PDF\Ultimate-Starter-Kit-for-Pico-W\docs\source\2.Python_Tutorial\img\2.sch\1.2.png","I:\Github\Ultimate-_tarter_Kit_for_Pico_W_PDF\Ultimate-Starter-Kit-for-Pico-W\docs\source\2.Python_Tutorial\img\2.sch\1.2.png","3406","WebP","True","52 49 46 46 46 0D 00 00 57 45 42 50 56 50 38 4C"
"1.3.png","I:\Github\Ultimate-_tarter_Kit_for_Pico_W_PDF\Ultimate-Starter-Kit-for-Pico-W\docs\source\2.Python_Tutorial\img\2.sch\1.3.png","I:\Github\Ultimate-_tarter_Kit_for_Pico_W_PDF\Ultimate-Starter-Kit-for-Pico-W\docs\source\2.Python_Tutorial\img\2.sch\1.3.png","14982","WebP","True","52 49 46 46 7E 3A 00 00 57 45 42 50 56 50 38 4C"
"1.4.png","I:\Github\Ultimate-_tarter_Kit_for_Pico_W_PDF\Ultimate-Starter-Kit-for-Pico-W\docs\source\2.Python_Tutorial\img\2.sch\1.4.png","I:\Github\Ultimate-_tarter_Kit_for_Pico_W_PDF\Ultimate-Starter-Kit-for-Pico-W\docs\source\2.Python_Tutorial\img\2.sch\1.4.png","14982","WebP","True","52 49 46 46 7E 3A 00 00 57 45 42 50 56 50 38 4C"
"1.5.png","I:\Github\Ultimate-_tarter_Kit_for_Pico_W_PDF\Ultimate-Starter-Kit-for-Pico-W\docs\source\2.Python_Tutorial\img\2.sch\1.5.png","I:\Github\Ultimate-_tarter_Kit_for_Pico_W_PDF\Ultimate-Starter-Kit-for-Pico-W\docs\source\2.Python_Tutorial\img\2.sch\1.5.png","7342","WebP","True","52 49 46 46 A6 1C 00 00 57 45 42 50 56 50 38 4C"
"1.6.png","I:\Github\Ultimate-_tarter_Kit_for_Pico_W_PDF\Ultimate-Starter-Kit-for-Pico-W\docs\source\2.Python_Tutorial\img\2.sch\1.6.png","I:\Github\Ultimate-_tarter_Kit_for_Pico_W_PDF\Ultimate-Starter-Kit-for-Pico-W\docs\source\2.Python_Tutorial\img\2.sch\1.6.png","4610","WebP","True","52 49 46 46 FA 11 00 00 57 45 42 50 56 50 38 4C"
"1.7.png","I:\Github\Ultimate-_tarter_Kit_for_Pico_W_PDF\Ultimate-Starter-Kit-for-Pico-W\docs\source\2.Python_Tutorial\img\2.sch\1.7.png","I:\Github\Ultimate-_tarter_Kit_for_Pico_W_PDF\Ultimate-Starter-Kit-for-Pico-W\docs\source\2.Python_Tutorial\img\2.sch\1.7.png","5330","WebP","True","52 49 46 46 CA 14 00 00 57 45 42 50 56 50 38 4C"
"1.8.png","I:\Github\Ultimate-_tarter_Kit_for_Pico_W_PDF\Ultimate-Starter-Kit-for-Pico-W\docs\source\2.Python_Tutorial\img\2.sch\1.8.png","I:\Github\Ultimate-_tarter_Kit_for_Pico_W_PDF\Ultimate-Starter-Kit-for-Pico-W\docs\source\2.Python_Tutorial\img\2.sch\1.8.png","7216","WebP","True","52 49 46 46 28 1C 00 00 57 45 42 50 56 50 38 4C"
"1.9.png","I:\Github\Ultimate-_tarter_Kit_for_Pico_W_PDF\Ultimate-Starter-Kit-for-Pico-W\docs\source\2.Python_Tutorial\img\2.sch\1.9.png","I:\Github\Ultimate-_tarter_Kit_for_Pico_W_PDF\Ultimate-Starter-Kit-for-Pico-W\docs\source\2.Python_Tutorial\img\2.sch\1.9.png","3658","WebP","True","52 49 46 46 42 0E 00 00 57 45 42 50 56 50 38 4C"
"2.1.png","I:\Github\Ultimate-_tarter_Kit_for_Pico_W_PDF\Ultimate-Starter-Kit-for-Pico-W\docs\source\2.Python_Tutorial\img\2.sch\2.1.png","I:\Github\Ultimate-_tarter_Kit_for_Pico_W_PDF\Ultimate-Starter-Kit-for-Pico-W\docs\source\2.Python_Tutorial\img\2.sch\2.1.png","7380","WebP","True","52 49 46 46 CC 1C 00 00 57 45 42 50 56 50 38 4C"
"2.2.png","I:\Github\Ultimate-_tarter_Kit_for_Pico_W_PDF\Ultimate-Starter-Kit-for-Pico-W\docs\source\2.Python_Tutorial\img\2.sch\2.2.png","I:\Github\Ultimate-_tarter_Kit_for_Pico_W_PDF\Ultimate-Starter-Kit-for-Pico-W\docs\source\2.Python_Tutorial\img\2.sch\2.2.png","7380","WebP","True","52 49 46 46 CC 1C 00 00 57 45 42 50 56 50 38 4C"
"2.3.png","I:\Github\Ultimate-_tarter_Kit_for_Pico_W_PDF\Ultimate-Starter-Kit-for-Pico-W\docs\source\2.Python_Tutorial\img\2.sch\2.3.png","I:\Github\Ultimate-_tarter_Kit_for_Pico_W_PDF\Ultimate-Starter-Kit-for-Pico-W\docs\source\2.Python_Tutorial\img\2.sch\2.3.png","5780","WebP","True","52 49 46 46 8C 16 00 00 57 45 42 50 56 50 38 4C"
"2.4.png","I:\Github\Ultimate-_tarter_Kit_for_Pico_W_PDF\Ultimate-Starter-Kit-for-Pico-W\docs\source\2.Python_Tutorial\img\2.sch\2.4.png","I:\Github\Ultimate-_tarter_Kit_for_Pico_W_PDF\Ultimate-Starter-Kit-for-Pico-W\docs\source\2.Python_Tutorial\img\2.sch\2.4.png","6058","WebP","True","52 49 46 46 A2 17 00 00 57 45 42 50 56 50 38 4C"
"2.5.png","I:\Github\Ultimate-_tarter_Kit_for_Pico_W_PDF\Ultimate-Starter-Kit-for-Pico-W\docs\source\2.Python_Tutorial\img\2.sch\2.5.png","I:\Github\Ultimate-_tarter_Kit_for_Pico_W_PDF\Ultimate-Starter-Kit-for-Pico-W\docs\source\2.Python_Tutorial\img\2.sch\2.5.png","12012","WebP","True","52 49 46 46 E4 2E 00 00 57 45 42 50 56 50 38 4C"
"2.6.png","I:\Github\Ultimate-_tarter_Kit_for_Pico_W_PDF\Ultimate-Starter-Kit-for-Pico-W\docs\source\2.Python_Tutorial\img\2.sch\2.6.png","I:\Github\Ultimate-_tarter_Kit_for_Pico_W_PDF\Ultimate-Starter-Kit-for-Pico-W\docs\source\2.Python_Tutorial\img\2.sch\2.6.png","12012","WebP","True","52 49 46 46 E4 2E 00 00 57 45 42 50 56 50 38 4C"
"2.7.png","I:\Github\Ultimate-_tarter_Kit_for_Pico_W_PDF\Ultimate-Starter-Kit-for-Pico-W\docs\source\2.Python_Tutorial\img\2.sch\2.7.png","I:\Github\Ultimate-_tarter_Kit_for_Pico_W_PDF\Ultimate-Starter-Kit-for-Pico-W\docs\source\2.Python_Tutorial\img\2.sch\2.7.png","5064","WebP","True","52 49 46 46 C0 13 00 00 57 45 42 50 56 50 38 4C"
"3.1.png","I:\Github\Ultimate-_tarter_Kit_for_Pico_W_PDF\Ultimate-Starter-Kit-for-Pico-W\docs\source\2.Python_Tutorial\img\2.sch\3.1.png","I:\Github\Ultimate-_tarter_Kit_for_Pico_W_PDF\Ultimate-Starter-Kit-for-Pico-W\docs\source\2.Python_Tutorial\img\2.sch\3.1.png","10620","WebP","True","52 49 46 46 74 29 00 00 57 45 42 50 56 50 38 4C"
"3.2.png","I:\Github\Ultimate-_tarter_Kit_for_Pico_W_PDF\Ultimate-Starter-Kit-for-Pico-W\docs\source\2.Python_Tutorial\img\2.sch\3.2.png","I:\Github\Ultimate-_tarter_Kit_for_Pico_W_PDF\Ultimate-Starter-Kit-for-Pico-W\docs\source\2.Python_Tutorial\img\2.sch\3.2.png","6936","WebP","True","52 49 46 46 10 1B 00 00 57 45 42 50 56 50 38 4C"
"3.3.png","I:\Github\Ultimate-_tarter_Kit_for_Pico_W_PDF\Ultimate-Starter-Kit-for-Pico-W\docs\source\2.Python_Tutorial\img\2.sch\3.3.png","I:\Github\Ultimate-_tarter_Kit_for_Pico_W_PDF\Ultimate-Starter-Kit-for-Pico-W\docs\source\2.Python_Tutorial\img\2.sch\3.3.png","8110","WebP","True","52 49 46 46 A6 1F 00 00 57 45 42 50 56 50 38 4C"
"4.1.png","I:\Github\Ultimate-_tarter_Kit_for_Pico_W_PDF\Ultimate-Starter-Kit-for-Pico-W\docs\source\2.Python_Tutorial\img\2.sch\4.1.png","I:\Github\Ultimate-_tarter_Kit_for_Pico_W_PDF\Ultimate-Starter-Kit-for-Pico-W\docs\source\2.Python_Tutorial\img\2.sch\4.1.png","14504","WebP","True","52 49 46 46 A0 38 00 00 57 45 42 50 56 50 38 4C"
"4.2.png","I:\Github\Ultimate-_tarter_Kit_for_Pico_W_PDF\Ultimate-Starter-Kit-for-Pico-W\docs\source\2.Python_Tutorial\img\2.sch\4.2.png","I:\Github\Ultimate-_tarter_Kit_for_Pico_W_PDF\Ultimate-Starter-Kit-for-Pico-W\docs\source\2.Python_Tutorial\img\2.sch\4.2.png","15964","WebP","True","52 49 46 46 54 3E 00 00 57 45 42 50 56 50 38 4C"
"4.3.png","I:\Github\Ultimate-_tarter_Kit_for_Pico_W_PDF\Ultimate-Starter-Kit-for-Pico-W\docs\source\2.Python_Tutorial\img\2.sch\4.3.png","I:\Github\Ultimate-_tarter_Kit_for_Pico_W_PDF\Ultimate-Starter-Kit-for-Pico-W\docs\source\2.Python_Tutorial\img\2.sch\4.3.png","22102","WebP","True","52 49 46 46 4E 56 00 00 57 45 42 50 56 50 38 4C"
"4.4.png","I:\Github\Ultimate-_tarter_Kit_for_Pico_W_PDF\Ultimate-Starter-Kit-for-Pico-W\docs\source\2.Python_Tutorial\img\2.sch\4.4.png","I:\Github\Ultimate-_tarter_Kit_for_Pico_W_PDF\Ultimate-Starter-Kit-for-Pico-W\docs\source\2.Python_Tutorial\img\2.sch\4.4.png","35534","WebP","True","52 49 46 46 C6 8A 00 00 57 45 42 50 56 50 38 4C"
"5.1.png","I:\Github\Ultimate-_tarter_Kit_for_Pico_W_PDF\Ultimate-Starter-Kit-for-Pico-W\docs\source\2.Python_Tutorial\img\2.sch\5.1.png","I:\Github\Ultimate-_tarter_Kit_for_Pico_W_PDF\Ultimate-Starter-Kit-for-Pico-W\docs\source\2.Python_Tutorial\img\2.sch\5.1.png","9158","WebP","True","52 49 46 46 BE 23 00 00 57 45 42 50 56 50 38 4C"
"5.2.png","I:\Github\Ultimate-_tarter_Kit_for_Pico_W_PDF\Ultimate-Starter-Kit-for-Pico-W\docs\source\2.Python_Tutorial\img\2.sch\5.2.png","I:\Github\Ultimate-_tarter_Kit_for_Pico_W_PDF\Ultimate-Starter-Kit-for-Pico-W\docs\source\2.Python_Tutorial\img\2.sch\5.2.png","10814","PNG","False","89 50 4E 47 0D 0A 1A 0A 00 00 00 0D 49 48 44 52"
"5.3.png","I:\Github\Ultimate-_tarter_Kit_for_Pico_W_PDF\Ultimate-Starter-Kit-for-Pico-W\docs\source\2.Python_Tutorial\img\2.sch\5.3.png","I:\Github\Ultimate-_tarter_Kit_for_Pico_W_PDF\Ultimate-Starter-Kit-for-Pico-W\docs\source\2.Python_Tutorial\img\2.sch\5.3.png","6198","WebP","True","52 49 46 46 2E 18 00 00 57 45 42 50 56 50 38 4C"
"5.4.png","I:\Github\Ultimate-_tarter_Kit_for_Pico_W_PDF\Ultimate-Starter-Kit-for-Pico-W\docs\source\2.Python_Tutorial\img\2.sch\5.4.png","I:\Github\Ultimate-_tarter_Kit_for_Pico_W_PDF\Ultimate-Starter-Kit-for-Pico-W\docs\source\2.Python_Tutorial\img\2.sch\5.4.png","4394","WebP","True","52 49 46 46 22 11 00 00 57 45 42 50 56 50 38 4C"
"5.5.png","I:\Github\Ultimate-_tarter_Kit_for_Pico_W_PDF\Ultimate-Starter-Kit-for-Pico-W\docs\source\2.Python_Tutorial\img\2.sch\5.5.png","I:\Github\Ultimate-_tarter_Kit_for_Pico_W_PDF\Ultimate-Starter-Kit-for-Pico-W\docs\source\2.Python_Tutorial\img\2.sch\5.5.png","8310","WebP","True","52 49 46 46 6E 20 00 00 57 45 42 50 56 50 38 4C"
"6.1.png","I:\Github\Ultimate-_tarter_Kit_for_Pico_W_PDF\Ultimate-Starter-Kit-for-Pico-W\docs\source\2.Python_Tutorial\img\2.sch\6.1.png","I:\Github\Ultimate-_tarter_Kit_for_Pico_W_PDF\Ultimate-Starter-Kit-for-Pico-W\docs\source\2.Python_Tutorial\img\2.sch\6.1.png","8728","WebP","True","52 49 46 46 10 22 00 00 57 45 42 50 56 50 38 4C"
"6.10.png","I:\Github\Ultimate-_tarter_Kit_for_Pico_W_PDF\Ultimate-Starter-Kit-for-Pico-W\docs\source\2.Python_Tutorial\img\2.sch\6.10.png","I:\Github\Ultimate-_tarter_Kit_for_Pico_W_PDF\Ultimate-Starter-Kit-for-Pico-W\docs\source\2.Python_Tutorial\img\2.sch\6.10.png","9680","WebP","True","52 49 46 46 C8 25 00 00 57 45 42 50 56 50 38 4C"
"6.11.png","I:\Github\Ultimate-_tarter_Kit_for_Pico_W_PDF\Ultimate-Starter-Kit-for-Pico-W\docs\source\2.Python_Tutorial\img\2.sch\6.11.png","I:\Github\Ultimate-_tarter_Kit_for_Pico_W_PDF\Ultimate-Starter-Kit-for-Pico-W\docs\source\2.Python_Tutorial\img\2.sch\6.11.png","9630","WebP","True","52 49 46 46 96 25 00 00 57 45 42 50 56 50 38 4C"
"6.12.png","I:\Github\Ultimate-_tarter_Kit_for_Pico_W_PDF\Ultimate-Starter-Kit-for-Pico-W\docs\source\2.Python_Tutorial\img\2.sch\6.12.png","I:\Github\Ultimate-_tarter_Kit_for_Pico_W_PDF\Ultimate-Starter-Kit-for-Pico-W\docs\source\2.Python_Tutorial\img\2.sch\6.12.png","12728","WebP","True","52 49 46 46 B0 31 00 00 57 45 42 50 56 50 38 4C"
"6.13.png","I:\Github\Ultimate-_tarter_Kit_for_Pico_W_PDF\Ultimate-Starter-Kit-for-Pico-W\docs\source\2.Python_Tutorial\img\2.sch\6.13.png","I:\Github\Ultimate-_tarter_Kit_for_Pico_W_PDF\Ultimate-Starter-Kit-for-Pico-W\docs\source\2.Python_Tutorial\img\2.sch\6.13.png","10150","WebP","True","52 49 46 46 9E 27 00 00 57 45 42 50 56 50 38 4C"
"6.2-1.png","I:\Github\Ultimate-_tarter_Kit_for_Pico_W_PDF\Ultimate-Starter-Kit-for-Pico-W\docs\source\2.Python_Tutorial\img\2.sch\6.2-1.png","I:\Github\Ultimate-_tarter_Kit_for_Pico_W_PDF\Ultimate-Starter-Kit-for-Pico-W\docs\source\2.Python_Tutorial\img\2.sch\6.2-1.png","10814","PNG","False","89 50 4E 47 0D 0A 1A 0A 00 00 00 0D 49 48 44 52"
"6.2.png","I:\Github\Ultimate-_tarter_Kit_for_Pico_W_PDF\Ultimate-Starter-Kit-for-Pico-W\docs\source\2.Python_Tutorial\img\2.sch\6.2.png","I:\Github\Ultimate-_tarter_Kit_for_Pico_W_PDF\Ultimate-Starter-Kit-for-Pico-W\docs\source\2.Python_Tutorial\img\2.sch\6.2.png","17228","PNG","False","89 50 4E 47 0D 0A 1A 0A 00 00 00 0D 49 48 44 52"
"6.3.png","I:\Github\Ultimate-_tarter_Kit_for_Pico_W_PDF\Ultimate-Starter-Kit-for-Pico-W\docs\source\2.Python_Tutorial\img\2.sch\6.3.png","I:\Github\Ultimate-_tarter_Kit_for_Pico_W_PDF\Ultimate-Starter-Kit-for-Pico-W\docs\source\2.Python_Tutorial\img\2.sch\6.3.png","8612","WebP","True","52 49 46 46 9C 21 00 00 57 45 42 50 56 50 38 4C"
"6.4.png","I:\Github\Ultimate-_tarter_Kit_for_Pico_W_PDF\Ultimate-Starter-Kit-for-Pico-W\docs\source\2.Python_Tutorial\img\2.sch\6.4.png","I:\Github\Ultimate-_tarter_Kit_for_Pico_W_PDF\Ultimate-Starter-Kit-for-Pico-W\docs\source\2.Python_Tutorial\img\2.sch\6.4.png","13062","WebP","True","52 49 46 46 FE 32 00 00 57 45 42 50 56 50 38 4C"
"6.5.png","I:\Github\Ultimate-_tarter_Kit_for_Pico_W_PDF\Ultimate-Starter-Kit-for-Pico-W\docs\source\2.Python_Tutorial\img\2.sch\6.5.png","I:\Github\Ultimate-_tarter_Kit_for_Pico_W_PDF\Ultimate-Starter-Kit-for-Pico-W\docs\source\2.Python_Tutorial\img\2.sch\6.5.png","8008","WebP","True","52 49 46 46 40 1F 00 00 57 45 42 50 56 50 38 4C"
"6.6.png","I:\Github\Ultimate-_tarter_Kit_for_Pico_W_PDF\Ultimate-Starter-Kit-for-Pico-W\docs\source\2.Python_Tutorial\img\2.sch\6.6.png","I:\Github\Ultimate-_tarter_Kit_for_Pico_W_PDF\Ultimate-Starter-Kit-for-Pico-W\docs\source\2.Python_Tutorial\img\2.sch\6.6.png","12500","WebP","True","52 49 46 46 CC 30 00 00 57 45 42 50 56 50 38 4C"
"6.7.png","I:\Github\Ultimate-_tarter_Kit_for_Pico_W_PDF\Ultimate-Starter-Kit-for-Pico-W\docs\source\2.Python_Tutorial\img\2.sch\6.7.png","I:\Github\Ultimate-_tarter_Kit_for_Pico_W_PDF\Ultimate-Starter-Kit-for-Pico-W\docs\source\2.Python_Tutorial\img\2.sch\6.7.png","16564","WebP","True","52 49 46 46 AC 40 00 00 57 45 42 50 56 50 38 4C"
"6.8.png","I:\Github\Ultimate-_tarter_Kit_for_Pico_W_PDF\Ultimate-Starter-Kit-for-Pico-W\docs\source\2.Python_Tutorial\img\2.sch\6.8.png","I:\Github\Ultimate-_tarter_Kit_for_Pico_W_PDF\Ultimate-Starter-Kit-for-Pico-W\docs\source\2.Python_Tutorial\img\2.sch\6.8.png","5816","WebP","True","52 49 46 46 B0 16 00 00 57 45 42 50 56 50 38 4C"
"6.9.png","I:\Github\Ultimate-_tarter_Kit_for_Pico_W_PDF\Ultimate-Starter-Kit-for-Pico-W\docs\source\2.Python_Tutorial\img\2.sch\6.9.png","I:\Github\Ultimate-_tarter_Kit_for_Pico_W_PDF\Ultimate-Starter-Kit-for-Pico-W\docs\source\2.Python_Tutorial\img\2.sch\6.9.png","13868","WebP","True","52 49 46 46 24 36 00 00 57 45 42 50 56 50 38 4C"
"1.1.png","I:\Github\Ultimate-_tarter_Kit_for_Pico_W_PDF\Ultimate-Starter-Kit-for-Pico-W\docs\source\2.Python_Tutorial\img\3.connect\1.1.png","I:\Github\Ultimate-_tarter_Kit_for_Pico_W_PDF\Ultimate-Starter-Kit-for-Pico-W\docs\source\2.Python_Tutorial\img\3.connect\1.1.png","132101","PNG","False","89 50 4E 47 0D 0A 1A 0A 00 00 00 0D 49 48 44 52"
"1.10.png","I:\Github\Ultimate-_tarter_Kit_for_Pico_W_PDF\Ultimate-Starter-Kit-for-Pico-W\docs\source\2.Python_Tutorial\img\3.connect\1.10.png","I:\Github\Ultimate-_tarter_Kit_for_Pico_W_PDF\Ultimate-Starter-Kit-for-Pico-W\docs\source\2.Python_Tutorial\img\3.connect\1.10.png","180237","PNG","False","89 50 4E 47 0D 0A 1A 0A 00 00 00 0D 49 48 44 52"
"1.11.png","I:\Github\Ultimate-_tarter_Kit_for_Pico_W_PDF\Ultimate-Starter-Kit-for-Pico-W\docs\source\2.Python_Tutorial\img\3.connect\1.11.png","I:\Github\Ultimate-_tarter_Kit_for_Pico_W_PDF\Ultimate-Starter-Kit-for-Pico-W\docs\source\2.Python_Tutorial\img\3.connect\1.11.png","165564","PNG","False","89 50 4E 47 0D 0A 1A 0A 00 00 00 0D 49 48 44 52"
"1.12.png","I:\Github\Ultimate-_tarter_Kit_for_Pico_W_PDF\Ultimate-Starter-Kit-for-Pico-W\docs\source\2.Python_Tutorial\img\3.connect\1.12.png","I:\Github\Ultimate-_tarter_Kit_for_Pico_W_PDF\Ultimate-Starter-Kit-for-Pico-W\docs\source\2.Python_Tutorial\img\3.connect\1.12.png","184151","PNG","False","89 50 4E 47 0D 0A 1A 0A 00 00 00 0D 49 48 44 52"
"1.13.png","I:\Github\Ultimate-_tarter_Kit_for_Pico_W_PDF\Ultimate-Starter-Kit-for-Pico-W\docs\source\2.Python_Tutorial\img\3.connect\1.13.png","I:\Github\Ultimate-_tarter_Kit_for_Pico_W_PDF\Ultimate-Starter-Kit-for-Pico-W\docs\source\2.Python_Tutorial\img\3.connect\1.13.png","158930","PNG","False","89 50 4E 47 0D 0A 1A 0A 00 00 00 0D 49 48 44 52"
"1.14.png","I:\Github\Ultimate-_tarter_Kit_for_Pico_W_PDF\Ultimate-Starter-Kit-for-Pico-W\docs\source\2.Python_Tutorial\img\3.connect\1.14.png","I:\Github\Ultimate-_tarter_Kit_for_Pico_W_PDF\Ultimate-Starter-Kit-for-Pico-W\docs\source\2.Python_Tutorial\img\3.connect\1.14.png","154126","PNG","False","89 50 4E 47 0D 0A 1A 0A 00 00 00 0D 49 48 44 52"
"1.15.png","I:\Github\Ultimate-_tarter_Kit_for_Pico_W_PDF\Ultimate-Starter-Kit-for-Pico-W\docs\source\2.Python_Tutorial\img\3.connect\1.15.png","I:\Github\Ultimate-_tarter_Kit_for_Pico_W_PDF\Ultimate-Starter-Kit-for-Pico-W\docs\source\2.Python_Tutorial\img\3.connect\1.15.png","178596","PNG","False","89 50 4E 47 0D 0A 1A 0A 00 00 00 0D 49 48 44 52"
"1.16.png","I:\Github\Ultimate-_tarter_Kit_for_Pico_W_PDF\Ultimate-Starter-Kit-for-Pico-W\docs\source\2.Python_Tutorial\img\3.connect\1.16.png","I:\Github\Ultimate-_tarter_Kit_for_Pico_W_PDF\Ultimate-Starter-Kit-for-Pico-W\docs\source\2.Python_Tutorial\img\3.connect\1.16.png","242319","PNG","False","89 50 4E 47 0D 0A 1A 0A 00 00 00 0D 49 48 44 52"
"1.2.png","I:\Github\Ultimate-_tarter_Kit_for_Pico_W_PDF\Ultimate-Starter-Kit-for-Pico-W\docs\source\2.Python_Tutorial\img\3.connect\1.2.png","I:\Github\Ultimate-_tarter_Kit_for_Pico_W_PDF\Ultimate-Starter-Kit-for-Pico-W\docs\source\2.Python_Tutorial\img\3.connect\1.2.png","196271","PNG","False","89 50 4E 47 0D 0A 1A 0A 00 00 00 0D 49 48 44 52"
"1.3.png","I:\Github\Ultimate-_tarter_Kit_for_Pico_W_PDF\Ultimate-Starter-Kit-for-Pico-W\docs\source\2.Python_Tutorial\img\3.connect\1.3.png","I:\Github\Ultimate-_tarter_Kit_for_Pico_W_PDF\Ultimate-Starter-Kit-for-Pico-W\docs\source\2.Python_Tutorial\img\3.connect\1.3.png","242175","PNG","False","89 50 4E 47 0D 0A 1A 0A 00 00 00 0D 49 48 44 52"
"1.4.png","I:\Github\Ultimate-_tarter_Kit_for_Pico_W_PDF\Ultimate-Starter-Kit-for-Pico-W\docs\source\2.Python_Tutorial\img\3.connect\1.4.png","I:\Github\Ultimate-_tarter_Kit_for_Pico_W_PDF\Ultimate-Starter-Kit-for-Pico-W\docs\source\2.Python_Tutorial\img\3.connect\1.4.png","242175","PNG","False","89 50 4E 47 0D 0A 1A 0A 00 00 00 0D 49 48 44 52"
"1.5.png","I:\Github\Ultimate-_tarter_Kit_for_Pico_W_PDF\Ultimate-Starter-Kit-for-Pico-W\docs\source\2.Python_Tutorial\img\3.connect\1.5.png","I:\Github\Ultimate-_tarter_Kit_for_Pico_W_PDF\Ultimate-Starter-Kit-for-Pico-W\docs\source\2.Python_Tutorial\img\3.connect\1.5.png","184997","PNG","False","89 50 4E 47 0D 0A 1A 0A 00 00 00 0D 49 48 44 52"
"1.6.png","I:\Github\Ultimate-_tarter_Kit_for_Pico_W_PDF\Ultimate-Starter-Kit-for-Pico-W\docs\source\2.Python_Tutorial\img\3.connect\1.6.png","I:\Github\Ultimate-_tarter_Kit_for_Pico_W_PDF\Ultimate-Starter-Kit-for-Pico-W\docs\source\2.Python_Tutorial\img\3.connect\1.6.png","126670","PNG","False","89 50 4E 47 0D 0A 1A 0A 00 00 00 0D 49 48 44 52"
"1.7.png","I:\Github\Ultimate-_tarter_Kit_for_Pico_W_PDF\Ultimate-Starter-Kit-for-Pico-W\docs\source\2.Python_Tutorial\img\3.connect\1.7.png","I:\Github\Ultimate-_tarter_Kit_for_Pico_W_PDF\Ultimate-Starter-Kit-for-Pico-W\docs\source\2.Python_Tutorial\img\3.connect\1.7.png","123981","PNG","False","89 50 4E 47 0D 0A 1A 0A 00 00 00 0D 49 48 44 52"
"1.8-1.png","I:\Github\Ultimate-_tarter_Kit_for_Pico_W_PDF\Ultimate-Starter-Kit-for-Pico-W\docs\source\2.Python_Tutorial\img\3.connect\1.8-1.png","I:\Github\Ultimate-_tarter_Kit_for_Pico_W_PDF\Ultimate-Starter-Kit-for-Pico-W\docs\source\2.Python_Tutorial\img\3.connect\1.8-1.png","132867","PNG","False","89 50 4E 47 0D 0A 1A 0A 00 00 00 0D 49 48 44 52"
"1.8.png","I:\Github\Ultimate-_tarter_Kit_for_Pico_W_PDF\Ultimate-Starter-Kit-for-Pico-W\docs\source\2.Python_Tutorial\img\3.connect\1.8.png","I:\Github\Ultimate-_tarter_Kit_for_Pico_W_PDF\Ultimate-Starter-Kit-for-Pico-W\docs\source\2.Python_Tutorial\img\3.connect\1.8.png","130485","PNG","False","89 50 4E 47 0D 0A 1A 0A 00 00 00 0D 49 48 44 52"
"1.9.png","I:\Github\Ultimate-_tarter_Kit_for_Pico_W_PDF\Ultimate-Starter-Kit-for-Pico-W\docs\source\2.Python_Tutorial\img\3.connect\1.9.png","I:\Github\Ultimate-_tarter_Kit_for_Pico_W_PDF\Ultimate-Starter-Kit-for-Pico-W\docs\source\2.Python_Tutorial\img\3.connect\1.9.png","148183","PNG","False","89 50 4E 47 0D 0A 1A 0A 00 00 00 0D 49 48 44 52"
"2.1.png","I:\Github\Ultimate-_tarter_Kit_for_Pico_W_PDF\Ultimate-Starter-Kit-for-Pico-W\docs\source\2.Python_Tutorial\img\3.connect\2.1.png","I:\Github\Ultimate-_tarter_Kit_for_Pico_W_PDF\Ultimate-Starter-Kit-for-Pico-W\docs\source\2.Python_Tutorial\img\3.connect\2.1.png","170690","PNG","False","89 50 4E 47 0D 0A 1A 0A 00 00 00 0D 49 48 44 52"
"2.2.png","I:\Github\Ultimate-_tarter_Kit_for_Pico_W_PDF\Ultimate-Starter-Kit-for-Pico-W\docs\source\2.Python_Tutorial\img\3.connect\2.2.png","I:\Github\Ultimate-_tarter_Kit_for_Pico_W_PDF\Ultimate-Starter-Kit-for-Pico-W\docs\source\2.Python_Tutorial\img\3.connect\2.2.png","167632","PNG","False","89 50 4E 47 0D 0A 1A 0A 00 00 00 0D 49 48 44 52"
"2.3.png","I:\Github\Ultimate-_tarter_Kit_for_Pico_W_PDF\Ultimate-Starter-Kit-for-Pico-W\docs\source\2.Python_Tutorial\img\3.connect\2.3.png","I:\Github\Ultimate-_tarter_Kit_for_Pico_W_PDF\Ultimate-Starter-Kit-for-Pico-W\docs\source\2.Python_Tutorial\img\3.connect\2.3.png","303995","PNG","False","89 50 4E 47 0D 0A 1A 0A 00 00 00 0D 49 48 44 52"
"2.4-C.png","I:\Github\Ultimate-_tarter_Kit_for_Pico_W_PDF\Ultimate-Starter-Kit-for-Pico-W\docs\source\2.Python_Tutorial\img\3.connect\2.4-C.png","I:\Github\Ultimate-_tarter_Kit_for_Pico_W_PDF\Ultimate-Starter-Kit-for-Pico-W\docs\source\2.Python_Tutorial\img\3.connect\2.4-C.png","218073","PNG","False","89 50 4E 47 0D 0A 1A 0A 00 00 00 0D 49 48 44 52"
"2.4.png","I:\Github\Ultimate-_tarter_Kit_for_Pico_W_PDF\Ultimate-Starter-Kit-for-Pico-W\docs\source\2.Python_Tutorial\img\3.connect\2.4.png","I:\Github\Ultimate-_tarter_Kit_for_Pico_W_PDF\Ultimate-Starter-Kit-for-Pico-W\docs\source\2.Python_Tutorial\img\3.connect\2.4.png","248224","PNG","False","89 50 4E 47 0D 0A 1A 0A 00 00 00 0D 49 48 44 52"
"2.5.png","I:\Github\Ultimate-_tarter_Kit_for_Pico_W_PDF\Ultimate-Starter-Kit-for-Pico-W\docs\source\2.Python_Tutorial\img\3.connect\2.5.png","I:\Github\Ultimate-_tarter_Kit_for_Pico_W_PDF\Ultimate-Starter-Kit-for-Pico-W\docs\source\2.Python_Tutorial\img\3.connect\2.5.png","236867","PNG","False","89 50 4E 47 0D 0A 1A 0A 00 00 00 0D 49 48 44 52"
"2.6.png","I:\Github\Ultimate-_tarter_Kit_for_Pico_W_PDF\Ultimate-Starter-Kit-for-Pico-W\docs\source\2.Python_Tutorial\img\3.connect\2.6.png","I:\Github\Ultimate-_tarter_Kit_for_Pico_W_PDF\Ultimate-Starter-Kit-for-Pico-W\docs\source\2.Python_Tutorial\img\3.connect\2.6.png","195253","PNG","False","89 50 4E 47 0D 0A 1A 0A 00 00 00 0D 49 48 44 52"
"2.7.png","I:\Github\Ultimate-_tarter_Kit_for_Pico_W_PDF\Ultimate-Starter-Kit-for-Pico-W\docs\source\2.Python_Tutorial\img\3.connect\2.7.png","I:\Github\Ultimate-_tarter_Kit_for_Pico_W_PDF\Ultimate-Starter-Kit-for-Pico-W\docs\source\2.Python_Tutorial\img\3.connect\2.7.png","232558","PNG","False","89 50 4E 47 0D 0A 1A 0A 00 00 00 0D 49 48 44 52"
"3.1.png","I:\Github\Ultimate-_tarter_Kit_for_Pico_W_PDF\Ultimate-Starter-Kit-for-Pico-W\docs\source\2.Python_Tutorial\img\3.connect\3.1.png","I:\Github\Ultimate-_tarter_Kit_for_Pico_W_PDF\Ultimate-Starter-Kit-for-Pico-W\docs\source\2.Python_Tutorial\img\3.connect\3.1.png","225862","PNG","False","89 50 4E 47 0D 0A 1A 0A 00 00 00 0D 49 48 44 52"
"3.2.png","I:\Github\Ultimate-_tarter_Kit_for_Pico_W_PDF\Ultimate-Starter-Kit-for-Pico-W\docs\source\2.Python_Tutorial\img\3.connect\3.2.png","I:\Github\Ultimate-_tarter_Kit_for_Pico_W_PDF\Ultimate-Starter-Kit-for-Pico-W\docs\source\2.Python_Tutorial\img\3.connect\3.2.png","254611","PNG","False","89 50 4E 47 0D 0A 1A 0A 00 00 00 0D 49 48 44 52"
"3.3.png","I:\Github\Ultimate-_tarter_Kit_for_Pico_W_PDF\Ultimate-Starter-Kit-for-Pico-W\docs\source\2.Python_Tutorial\img\3.connect\3.3.png","I:\Github\Ultimate-_tarter_Kit_for_Pico_W_PDF\Ultimate-Starter-Kit-for-Pico-W\docs\source\2.Python_Tutorial\img\3.connect\3.3.png","252276","PNG","False","89 50 4E 47 0D 0A 1A 0A 00 00 00 0D 49 48 44 52"
"4.1.png","I:\Github\Ultimate-_tarter_Kit_for_Pico_W_PDF\Ultimate-Starter-Kit-for-Pico-W\docs\source\2.Python_Tutorial\img\3.connect\4.1.png","I:\Github\Ultimate-_tarter_Kit_for_Pico_W_PDF\Ultimate-Starter-Kit-for-Pico-W\docs\source\2.Python_Tutorial\img\3.connect\4.1.png","291935","PNG","False","89 50 4E 47 0D 0A 1A 0A 00 00 00 0D 49 48 44 52"
"4.2.png","I:\Github\Ultimate-_tarter_Kit_for_Pico_W_PDF\Ultimate-Starter-Kit-for-Pico-W\docs\source\2.Python_Tutorial\img\3.connect\4.2.png","I:\Github\Ultimate-_tarter_Kit_for_Pico_W_PDF\Ultimate-Starter-Kit-for-Pico-W\docs\source\2.Python_Tutorial\img\3.connect\4.2.png","262677","PNG","False","89 50 4E 47 0D 0A 1A 0A 00 00 00 0D 49 48 44 52"
"4.3.png","I:\Github\Ultimate-_tarter_Kit_for_Pico_W_PDF\Ultimate-Starter-Kit-for-Pico-W\docs\source\2.Python_Tutorial\img\3.connect\4.3.png","I:\Github\Ultimate-_tarter_Kit_for_Pico_W_PDF\Ultimate-Starter-Kit-for-Pico-W\docs\source\2.Python_Tutorial\img\3.connect\4.3.png","339614","PNG","False","89 50 4E 47 0D 0A 1A 0A 00 00 00 0D 49 48 44 52"
"4.4-1.png","I:\Github\Ultimate-_tarter_Kit_for_Pico_W_PDF\Ultimate-Starter-Kit-for-Pico-W\docs\source\2.Python_Tutorial\img\3.connect\4.4-1.png","I:\Github\Ultimate-_tarter_Kit_for_Pico_W_PDF\Ultimate-Starter-Kit-for-Pico-W\docs\source\2.Python_Tutorial\img\3.connect\4.4-1.png","252089","PNG","False","89 50 4E 47 0D 0A 1A 0A 00 00 00 0D 49 48 44 52"
"4.4-2.png","I:\Github\Ultimate-_tarter_Kit_for_Pico_W_PDF\Ultimate-Starter-Kit-for-Pico-W\docs\source\2.Python_Tutorial\img\3.connect\4.4-2.png","I:\Github\Ultimate-_tarter_Kit_for_Pico_W_PDF\Ultimate-Starter-Kit-for-Pico-W\docs\source\2.Python_Tutorial\img\3.connect\4.4-2.png","281265","PNG","False","89 50 4E 47 0D 0A 1A 0A 00 00 00 0D 49 48 44 52"
"4.4-3.png","I:\Github\Ultimate-_tarter_Kit_for_Pico_W_PDF\Ultimate-Starter-Kit-for-Pico-W\docs\source\2.Python_Tutorial\img\3.connect\4.4-3.png","I:\Github\Ultimate-_tarter_Kit_for_Pico_W_PDF\Ultimate-Starter-Kit-for-Pico-W\docs\source\2.Python_Tutorial\img\3.connect\4.4-3.png","319482","PNG","False","89 50 4E 47 0D 0A 1A 0A 00 00 00 0D 49 48 44 52"
"4.4-4.png","I:\Github\Ultimate-_tarter_Kit_for_Pico_W_PDF\Ultimate-Starter-Kit-for-Pico-W\docs\source\2.Python_Tutorial\img\3.connect\4.4-4.png","I:\Github\Ultimate-_tarter_Kit_for_Pico_W_PDF\Ultimate-Starter-Kit-for-Pico-W\docs\source\2.Python_Tutorial\img\3.connect\4.4-4.png","309233","PNG","False","89 50 4E 47 0D 0A 1A 0A 00 00 00 0D 49 48 44 52"
"4.4.png","I:\Github\Ultimate-_tarter_Kit_for_Pico_W_PDF\Ultimate-Starter-Kit-for-Pico-W\docs\source\2.Python_Tutorial\img\3.connect\4.4.png","I:\Github\Ultimate-_tarter_Kit_for_Pico_W_PDF\Ultimate-Starter-Kit-for-Pico-W\docs\source\2.Python_Tutorial\img\3.connect\4.4.png","315815","PNG","False","89 50 4E 47 0D 0A 1A 0A 00 00 00 0D 49 48 44 52"
"5.1.png","I:\Github\Ultimate-_tarter_Kit_for_Pico_W_PDF\Ultimate-Starter-Kit-for-Pico-W\docs\source\2.Python_Tutorial\img\3.connect\5.1.png","I:\Github\Ultimate-_tarter_Kit_for_Pico_W_PDF\Ultimate-Starter-Kit-for-Pico-W\docs\source\2.Python_Tutorial\img\3.connect\5.1.png","214565","PNG","False","89 50 4E 47 0D 0A 1A 0A 00 00 00 0D 49 48 44 52"
"5.2.png","I:\Github\Ultimate-_tarter_Kit_for_Pico_W_PDF\Ultimate-Starter-Kit-for-Pico-W\docs\source\2.Python_Tutorial\img\3.connect\5.2.png","I:\Github\Ultimate-_tarter_Kit_for_Pico_W_PDF\Ultimate-Starter-Kit-for-Pico-W\docs\source\2.Python_Tutorial\img\3.connect\5.2.png","175336","PNG","False","89 50 4E 47 0D 0A 1A 0A 00 00 00 0D 49 48 44 52"
"5.3.png","I:\Github\Ultimate-_tarter_Kit_for_Pico_W_PDF\Ultimate-Starter-Kit-for-Pico-W\docs\source\2.Python_Tutorial\img\3.connect\5.3.png","I:\Github\Ultimate-_tarter_Kit_for_Pico_W_PDF\Ultimate-Starter-Kit-for-Pico-W\docs\source\2.Python_Tutorial\img\3.connect\5.3.png","176683","PNG","False","89 50 4E 47 0D 0A 1A 0A 00 00 00 0D 49 48 44 52"
"5.4.png","I:\Github\Ultimate-_tarter_Kit_for_Pico_W_PDF\Ultimate-Starter-Kit-for-Pico-W\docs\source\2.Python_Tutorial\img\3.connect\5.4.png","I:\Github\Ultimate-_tarter_Kit_for_Pico_W_PDF\Ultimate-Starter-Kit-for-Pico-W\docs\source\2.Python_Tutorial\img\3.connect\5.4.png","164173","PNG","False","89 50 4E 47 0D 0A 1A 0A 00 00 00 0D 49 48 44 52"
"5.5.png","I:\Github\Ultimate-_tarter_Kit_for_Pico_W_PDF\Ultimate-Starter-Kit-for-Pico-W\docs\source\2.Python_Tutorial\img\3.connect\5.5.png","I:\Github\Ultimate-_tarter_Kit_for_Pico_W_PDF\Ultimate-Starter-Kit-for-Pico-W\docs\source\2.Python_Tutorial\img\3.connect\5.5.png","243323","PNG","False","89 50 4E 47 0D 0A 1A 0A 00 00 00 0D 49 48 44 52"
"6.1.png","I:\Github\Ultimate-_tarter_Kit_for_Pico_W_PDF\Ultimate-Starter-Kit-for-Pico-W\docs\source\2.Python_Tutorial\img\3.connect\6.1.png","I:\Github\Ultimate-_tarter_Kit_for_Pico_W_PDF\Ultimate-Starter-Kit-for-Pico-W\docs\source\2.Python_Tutorial\img\3.connect\6.1.png","254320","PNG","False","89 50 4E 47 0D 0A 1A 0A 00 00 00 0D 49 48 44 52"
"6.10.png","I:\Github\Ultimate-_tarter_Kit_for_Pico_W_PDF\Ultimate-Starter-Kit-for-Pico-W\docs\source\2.Python_Tutorial\img\3.connect\6.10.png","I:\Github\Ultimate-_tarter_Kit_for_Pico_W_PDF\Ultimate-Starter-Kit-for-Pico-W\docs\source\2.Python_Tutorial\img\3.connect\6.10.png","245446","PNG","False","89 50 4E 47 0D 0A 1A 0A 00 00 00 0D 49 48 44 52"
"6.11.png","I:\Github\Ultimate-_tarter_Kit_for_Pico_W_PDF\Ultimate-Starter-Kit-for-Pico-W\docs\source\2.Python_Tutorial\img\3.connect\6.11.png","I:\Github\Ultimate-_tarter_Kit_for_Pico_W_PDF\Ultimate-Starter-Kit-for-Pico-W\docs\source\2.Python_Tutorial\img\3.connect\6.11.png","254405","PNG","False","89 50 4E 47 0D 0A 1A 0A 00 00 00 0D 49 48 44 52"
"6.12.png","I:\Github\Ultimate-_tarter_Kit_for_Pico_W_PDF\Ultimate-Starter-Kit-for-Pico-W\docs\source\2.Python_Tutorial\img\3.connect\6.12.png","I:\Github\Ultimate-_tarter_Kit_for_Pico_W_PDF\Ultimate-Starter-Kit-for-Pico-W\docs\source\2.Python_Tutorial\img\3.connect\6.12.png","316828","PNG","False","89 50 4E 47 0D 0A 1A 0A 00 00 00 0D 49 48 44 52"
"6.13.png","I:\Github\Ultimate-_tarter_Kit_for_Pico_W_PDF\Ultimate-Starter-Kit-for-Pico-W\docs\source\2.Python_Tutorial\img\3.connect\6.13.png","I:\Github\Ultimate-_tarter_Kit_for_Pico_W_PDF\Ultimate-Starter-Kit-for-Pico-W\docs\source\2.Python_Tutorial\img\3.connect\6.13.png","292534","PNG","False","89 50 4E 47 0D 0A 1A 0A 00 00 00 0D 49 48 44 52"
"6.2.png","I:\Github\Ultimate-_tarter_Kit_for_Pico_W_PDF\Ultimate-Starter-Kit-for-Pico-W\docs\source\2.Python_Tutorial\img\3.connect\6.2.png","I:\Github\Ultimate-_tarter_Kit_for_Pico_W_PDF\Ultimate-Starter-Kit-for-Pico-W\docs\source\2.Python_Tutorial\img\3.connect\6.2.png","254069","PNG","False","89 50 4E 47 0D 0A 1A 0A 00 00 00 0D 49 48 44 52"
"6.3.png","I:\Github\Ultimate-_tarter_Kit_for_Pico_W_PDF\Ultimate-Starter-Kit-for-Pico-W\docs\source\2.Python_Tutorial\img\3.connect\6.3.png","I:\Github\Ultimate-_tarter_Kit_for_Pico_W_PDF\Ultimate-Starter-Kit-for-Pico-W\docs\source\2.Python_Tutorial\img\3.connect\6.3.png","220408","PNG","False","89 50 4E 47 0D 0A 1A 0A 00 00 00 0D 49 48 44 52"
"6.4.png","I:\Github\Ultimate-_tarter_Kit_for_Pico_W_PDF\Ultimate-Starter-Kit-for-Pico-W\docs\source\2.Python_Tutorial\img\3.connect\6.4.png","I:\Github\Ultimate-_tarter_Kit_for_Pico_W_PDF\Ultimate-Starter-Kit-for-Pico-W\docs\source\2.Python_Tutorial\img\3.connect\6.4.png","269886","PNG","False","89 50 4E 47 0D 0A 1A 0A 00 00 00 0D 49 48 44 52"
"6.5.png","I:\Github\Ultimate-_tarter_Kit_for_Pico_W_PDF\Ultimate-Starter-Kit-for-Pico-W\docs\source\2.Python_Tutorial\img\3.connect\6.5.png","I:\Github\Ultimate-_tarter_Kit_for_Pico_W_PDF\Ultimate-Starter-Kit-for-Pico-W\docs\source\2.Python_Tutorial\img\3.connect\6.5.png","161280","PNG","False","89 50 4E 47 0D 0A 1A 0A 00 00 00 0D 49 48 44 52"
"6.6.png","I:\Github\Ultimate-_tarter_Kit_for_Pico_W_PDF\Ultimate-Starter-Kit-for-Pico-W\docs\source\2.Python_Tutorial\img\3.connect\6.6.png","I:\Github\Ultimate-_tarter_Kit_for_Pico_W_PDF\Ultimate-Starter-Kit-for-Pico-W\docs\source\2.Python_Tutorial\img\3.connect\6.6.png","315852","PNG","False","89 50 4E 47 0D 0A 1A 0A 00 00 00 0D 49 48 44 52"
"6.7.png","I:\Github\Ultimate-_tarter_Kit_for_Pico_W_PDF\Ultimate-Starter-Kit-for-Pico-W\docs\source\2.Python_Tutorial\img\3.connect\6.7.png","I:\Github\Ultimate-_tarter_Kit_for_Pico_W_PDF\Ultimate-Starter-Kit-for-Pico-W\docs\source\2.Python_Tutorial\img\3.connect\6.7.png","328774","PNG","False","89 50 4E 47 0D 0A 1A 0A 00 00 00 0D 49 48 44 52"
"6.8.png","I:\Github\Ultimate-_tarter_Kit_for_Pico_W_PDF\Ultimate-Starter-Kit-for-Pico-W\docs\source\2.Python_Tutorial\img\3.connect\6.8.png","I:\Github\Ultimate-_tarter_Kit_for_Pico_W_PDF\Ultimate-Starter-Kit-for-Pico-W\docs\source\2.Python_Tutorial\img\3.connect\6.8.png","186022","PNG","False","89 50 4E 47 0D 0A 1A 0A 00 00 00 0D 49 48 44 52"
"6.9.png","I:\Github\Ultimate-_tarter_Kit_for_Pico_W_PDF\Ultimate-Starter-Kit-for-Pico-W\docs\source\2.Python_Tutorial\img\3.connect\6.9.png","I:\Github\Ultimate-_tarter_Kit_for_Pico_W_PDF\Ultimate-Starter-Kit-for-Pico-W\docs\source\2.Python_Tutorial\img\3.connect\6.9.png","295601","PNG","False","89 50 4E 47 0D 0A 1A 0A 00 00 00 0D 49 48 44 52"
"7.2.png","I:\Github\Ultimate-_tarter_Kit_for_Pico_W_PDF\Ultimate-Starter-Kit-for-Pico-W\docs\source\2.Python_Tutorial\img\3.connect\7.2.png","I:\Github\Ultimate-_tarter_Kit_for_Pico_W_PDF\Ultimate-Starter-Kit-for-Pico-W\docs\source\2.Python_Tutorial\img\3.connect\7.2.png","305719","PNG","False","89 50 4E 47 0D 0A 1A 0A 00 00 00 0D 49 48 44 52"
"7.3.png","I:\Github\Ultimate-_tarter_Kit_for_Pico_W_PDF\Ultimate-Starter-Kit-for-Pico-W\docs\source\2.Python_Tutorial\img\3.connect\7.3.png","I:\Github\Ultimate-_tarter_Kit_for_Pico_W_PDF\Ultimate-Starter-Kit-for-Pico-W\docs\source\2.Python_Tutorial\img\3.connect\7.3.png","293325","PNG","False","89 50 4E 47 0D 0A 1A 0A 00 00 00 0D 49 48 44 52"
"7.4.png","I:\Github\Ultimate-_tarter_Kit_for_Pico_W_PDF\Ultimate-Starter-Kit-for-Pico-W\docs\source\2.Python_Tutorial\img\3.connect\7.4.png","I:\Github\Ultimate-_tarter_Kit_for_Pico_W_PDF\Ultimate-Starter-Kit-for-Pico-W\docs\source\2.Python_Tutorial\img\3.connect\7.4.png","195013","PNG","False","89 50 4E 47 0D 0A 1A 0A 00 00 00 0D 49 48 44 52"
"7.5.png","I:\Github\Ultimate-_tarter_Kit_for_Pico_W_PDF\Ultimate-Starter-Kit-for-Pico-W\docs\source\2.Python_Tutorial\img\3.connect\7.5.png","I:\Github\Ultimate-_tarter_Kit_for_Pico_W_PDF\Ultimate-Starter-Kit-for-Pico-W\docs\source\2.Python_Tutorial\img\3.connect\7.5.png","178321","PNG","False","89 50 4E 47 0D 0A 1A 0A 00 00 00 0D 49 48 44 52"
"1.1-2.png","I:\Github\Ultimate-_tarter_Kit_for_Pico_W_PDF\Ultimate-Starter-Kit-for-Pico-W\docs\source\2.Python_Tutorial\img\4.software\1.1-2.png","I:\Github\Ultimate-_tarter_Kit_for_Pico_W_PDF\Ultimate-Starter-Kit-for-Pico-W\docs\source\2.Python_Tutorial\img\4.software\1.1-2.png","61810","PNG","False","89 50 4E 47 0D 0A 1A 0A 00 00 00 0D 49 48 44 52"
"1.1.png","I:\Github\Ultimate-_tarter_Kit_for_Pico_W_PDF\Ultimate-Starter-Kit-for-Pico-W\docs\source\2.Python_Tutorial\img\4.software\1.1.png","I:\Github\Ultimate-_tarter_Kit_for_Pico_W_PDF\Ultimate-Starter-Kit-for-Pico-W\docs\source\2.Python_Tutorial\img\4.software\1.1.png","67670","PNG","False","89 50 4E 47 0D 0A 1A 0A 00 00 00 0D 49 48 44 52"
"1.10.png","I:\Github\Ultimate-_tarter_Kit_for_Pico_W_PDF\Ultimate-Starter-Kit-for-Pico-W\docs\source\2.Python_Tutorial\img\4.software\1.10.png","I:\Github\Ultimate-_tarter_Kit_for_Pico_W_PDF\Ultimate-Starter-Kit-for-Pico-W\docs\source\2.Python_Tutorial\img\4.software\1.10.png","61041","PNG","False","89 50 4E 47 0D 0A 1A 0A 00 00 00 0D 49 48 44 52"
"1.11.png","I:\Github\Ultimate-_tarter_Kit_for_Pico_W_PDF\Ultimate-Starter-Kit-for-Pico-W\docs\source\2.Python_Tutorial\img\4.software\1.11.png","I:\Github\Ultimate-_tarter_Kit_for_Pico_W_PDF\Ultimate-Starter-Kit-for-Pico-W\docs\source\2.Python_Tutorial\img\4.software\1.11.png","62201","PNG","False","89 50 4E 47 0D 0A 1A 0A 00 00 00 0D 49 48 44 52"
"1.12.png","I:\Github\Ultimate-_tarter_Kit_for_Pico_W_PDF\Ultimate-Starter-Kit-for-Pico-W\docs\source\2.Python_Tutorial\img\4.software\1.12.png","I:\Github\Ultimate-_tarter_Kit_for_Pico_W_PDF\Ultimate-Starter-Kit-for-Pico-W\docs\source\2.Python_Tutorial\img\4.software\1.12.png","60214","PNG","False","89 50 4E 47 0D 0A 1A 0A 00 00 00 0D 49 48 44 52"
"1.13.png","I:\Github\Ultimate-_tarter_Kit_for_Pico_W_PDF\Ultimate-Starter-Kit-for-Pico-W\docs\source\2.Python_Tutorial\img\4.software\1.13.png","I:\Github\Ultimate-_tarter_Kit_for_Pico_W_PDF\Ultimate-Starter-Kit-for-Pico-W\docs\source\2.Python_Tutorial\img\4.software\1.13.png","75772","PNG","False","89 50 4E 47 0D 0A 1A 0A 00 00 00 0D 49 48 44 52"
"1.14.png","I:\Github\Ultimate-_tarter_Kit_for_Pico_W_PDF\Ultimate-Starter-Kit-for-Pico-W\docs\source\2.Python_Tutorial\img\4.software\1.14.png","I:\Github\Ultimate-_tarter_Kit_for_Pico_W_PDF\Ultimate-Starter-Kit-for-Pico-W\docs\source\2.Python_Tutorial\img\4.software\1.14.png","61131","PNG","False","89 50 4E 47 0D 0A 1A 0A 00 00 00 0D 49 48 44 52"
"1.15.png","I:\Github\Ultimate-_tarter_Kit_for_Pico_W_PDF\Ultimate-Starter-Kit-for-Pico-W\docs\source\2.Python_Tutorial\img\4.software\1.15.png","I:\Github\Ultimate-_tarter_Kit_for_Pico_W_PDF\Ultimate-Starter-Kit-for-Pico-W\docs\source\2.Python_Tutorial\img\4.software\1.15.png","76682","PNG","False","89 50 4E 47 0D 0A 1A 0A 00 00 00 0D 49 48 44 52"
"1.16.png","I:\Github\Ultimate-_tarter_Kit_for_Pico_W_PDF\Ultimate-Starter-Kit-for-Pico-W\docs\source\2.Python_Tutorial\img\4.software\1.16.png","I:\Github\Ultimate-_tarter_Kit_for_Pico_W_PDF\Ultimate-Starter-Kit-for-Pico-W\docs\source\2.Python_Tutorial\img\4.software\1.16.png","61269","PNG","False","89 50 4E 47 0D 0A 1A 0A 00 00 00 0D 49 48 44 52"
"1.2.png","I:\Github\Ultimate-_tarter_Kit_for_Pico_W_PDF\Ultimate-Starter-Kit-for-Pico-W\docs\source\2.Python_Tutorial\img\4.software\1.2.png","I:\Github\Ultimate-_tarter_Kit_for_Pico_W_PDF\Ultimate-Starter-Kit-for-Pico-W\docs\source\2.Python_Tutorial\img\4.software\1.2.png","64238","PNG","False","89 50 4E 47 0D 0A 1A 0A 00 00 00 0D 49 48 44 52"
"1.3.png","I:\Github\Ultimate-_tarter_Kit_for_Pico_W_PDF\Ultimate-Starter-Kit-for-Pico-W\docs\source\2.Python_Tutorial\img\4.software\1.3.png","I:\Github\Ultimate-_tarter_Kit_for_Pico_W_PDF\Ultimate-Starter-Kit-for-Pico-W\docs\source\2.Python_Tutorial\img\4.software\1.3.png","67945","PNG","False","89 50 4E 47 0D 0A 1A 0A 00 00 00 0D 49 48 44 52"
"1.4.png","I:\Github\Ultimate-_tarter_Kit_for_Pico_W_PDF\Ultimate-Starter-Kit-for-Pico-W\docs\source\2.Python_Tutorial\img\4.software\1.4.png","I:\Github\Ultimate-_tarter_Kit_for_Pico_W_PDF\Ultimate-Starter-Kit-for-Pico-W\docs\source\2.Python_Tutorial\img\4.software\1.4.png","72859","PNG","False","89 50 4E 47 0D 0A 1A 0A 00 00 00 0D 49 48 44 52"
"1.5-2.png","I:\Github\Ultimate-_tarter_Kit_for_Pico_W_PDF\Ultimate-Starter-Kit-for-Pico-W\docs\source\2.Python_Tutorial\img\4.software\1.5-2.png","I:\Github\Ultimate-_tarter_Kit_for_Pico_W_PDF\Ultimate-Starter-Kit-for-Pico-W\docs\source\2.Python_Tutorial\img\4.software\1.5-2.png","70262","PNG","False","89 50 4E 47 0D 0A 1A 0A 00 00 00 0D 49 48 44 52"
"1.5.png","I:\Github\Ultimate-_tarter_Kit_for_Pico_W_PDF\Ultimate-Starter-Kit-for-Pico-W\docs\source\2.Python_Tutorial\img\4.software\1.5.png","I:\Github\Ultimate-_tarter_Kit_for_Pico_W_PDF\Ultimate-Starter-Kit-for-Pico-W\docs\source\2.Python_Tutorial\img\4.software\1.5.png","74917","PNG","False","89 50 4E 47 0D 0A 1A 0A 00 00 00 0D 49 48 44 52"
"1.6.png","I:\Github\Ultimate-_tarter_Kit_for_Pico_W_PDF\Ultimate-Starter-Kit-for-Pico-W\docs\source\2.Python_Tutorial\img\4.software\1.6.png","I:\Github\Ultimate-_tarter_Kit_for_Pico_W_PDF\Ultimate-Starter-Kit-for-Pico-W\docs\source\2.Python_Tutorial\img\4.software\1.6.png","64196","PNG","False","89 50 4E 47 0D 0A 1A 0A 00 00 00 0D 49 48 44 52"
"1.7.png","I:\Github\Ultimate-_tarter_Kit_for_Pico_W_PDF\Ultimate-Starter-Kit-for-Pico-W\docs\source\2.Python_Tutorial\img\4.software\1.7.png","I:\Github\Ultimate-_tarter_Kit_for_Pico_W_PDF\Ultimate-Starter-Kit-for-Pico-W\docs\source\2.Python_Tutorial\img\4.software\1.7.png","64664","PNG","False","89 50 4E 47 0D 0A 1A 0A 00 00 00 0D 49 48 44 52"
"1.8.png","I:\Github\Ultimate-_tarter_Kit_for_Pico_W_PDF\Ultimate-Starter-Kit-for-Pico-W\docs\source\2.Python_Tutorial\img\4.software\1.8.png","I:\Github\Ultimate-_tarter_Kit_for_Pico_W_PDF\Ultimate-Starter-Kit-for-Pico-W\docs\source\2.Python_Tutorial\img\4.software\1.8.png","66497","PNG","False","89 50 4E 47 0D 0A 1A 0A 00 00 00 0D 49 48 44 52"
"1.9.png","I:\Github\Ultimate-_tarter_Kit_for_Pico_W_PDF\Ultimate-Starter-Kit-for-Pico-W\docs\source\2.Python_Tutorial\img\4.software\1.9.png","I:\Github\Ultimate-_tarter_Kit_for_Pico_W_PDF\Ultimate-Starter-Kit-for-Pico-W\docs\source\2.Python_Tutorial\img\4.software\1.9.png","69633","PNG","False","89 50 4E 47 0D 0A 1A 0A 00 00 00 0D 49 48 44 52"
"2.1.png","I:\Github\Ultimate-_tarter_Kit_for_Pico_W_PDF\Ultimate-Starter-Kit-for-Pico-W\docs\source\2.Python_Tutorial\img\4.software\2.1.png","I:\Github\Ultimate-_tarter_Kit_for_Pico_W_PDF\Ultimate-Starter-Kit-for-Pico-W\docs\source\2.Python_Tutorial\img\4.software\2.1.png","61850","PNG","False","89 50 4E 47 0D 0A 1A 0A 00 00 00 0D 49 48 44 52"
"2.2.png","I:\Github\Ultimate-_tarter_Kit_for_Pico_W_PDF\Ultimate-Starter-Kit-for-Pico-W\docs\source\2.Python_Tutorial\img\4.software\2.2.png","I:\Github\Ultimate-_tarter_Kit_for_Pico_W_PDF\Ultimate-Starter-Kit-for-Pico-W\docs\source\2.Python_Tutorial\img\4.software\2.2.png","67290","PNG","False","89 50 4E 47 0D 0A 1A 0A 00 00 00 0D 49 48 44 52"
"2.3.png","I:\Github\Ultimate-_tarter_Kit_for_Pico_W_PDF\Ultimate-Starter-Kit-for-Pico-W\docs\source\2.Python_Tutorial\img\4.software\2.3.png","I:\Github\Ultimate-_tarter_Kit_for_Pico_W_PDF\Ultimate-Starter-Kit-for-Pico-W\docs\source\2.Python_Tutorial\img\4.software\2.3.png","65252","PNG","False","89 50 4E 47 0D 0A 1A 0A 00 00 00 0D 49 48 44 52"
"2.4.png","I:\Github\Ultimate-_tarter_Kit_for_Pico_W_PDF\Ultimate-Starter-Kit-for-Pico-W\docs\source\2.Python_Tutorial\img\4.software\2.4.png","I:\Github\Ultimate-_tarter_Kit_for_Pico_W_PDF\Ultimate-Starter-Kit-for-Pico-W\docs\source\2.Python_Tutorial\img\4.software\2.4.png","73293","PNG","False","89 50 4E 47 0D 0A 1A 0A 00 00 00 0D 49 48 44 52"
"2.5.png","I:\Github\Ultimate-_tarter_Kit_for_Pico_W_PDF\Ultimate-Starter-Kit-for-Pico-W\docs\source\2.Python_Tutorial\img\4.software\2.5.png","I:\Github\Ultimate-_tarter_Kit_for_Pico_W_PDF\Ultimate-Starter-Kit-for-Pico-W\docs\source\2.Python_Tutorial\img\4.software\2.5.png","66922","PNG","False","89 50 4E 47 0D 0A 1A 0A 00 00 00 0D 49 48 44 52"
"2.6.png","I:\Github\Ultimate-_tarter_Kit_for_Pico_W_PDF\Ultimate-Starter-Kit-for-Pico-W\docs\source\2.Python_Tutorial\img\4.software\2.6.png","I:\Github\Ultimate-_tarter_Kit_for_Pico_W_PDF\Ultimate-Starter-Kit-for-Pico-W\docs\source\2.Python_Tutorial\img\4.software\2.6.png","68679","PNG","False","89 50 4E 47 0D 0A 1A 0A 00 00 00 0D 49 48 44 52"
"2.7.png","I:\Github\Ultimate-_tarter_Kit_for_Pico_W_PDF\Ultimate-Starter-Kit-for-Pico-W\docs\source\2.Python_Tutorial\img\4.software\2.7.png","I:\Github\Ultimate-_tarter_Kit_for_Pico_W_PDF\Ultimate-Starter-Kit-for-Pico-W\docs\source\2.Python_Tutorial\img\4.software\2.7.png","76740","PNG","False","89 50 4E 47 0D 0A 1A 0A 00 00 00 0D 49 48 44 52"
"3.1.png","I:\Github\Ultimate-_tarter_Kit_for_Pico_W_PDF\Ultimate-Starter-Kit-for-Pico-W\docs\source\2.Python_Tutorial\img\4.software\3.1.png","I:\Github\Ultimate-_tarter_Kit_for_Pico_W_PDF\Ultimate-Starter-Kit-for-Pico-W\docs\source\2.Python_Tutorial\img\4.software\3.1.png","70642","PNG","False","89 50 4E 47 0D 0A 1A 0A 00 00 00 0D 49 48 44 52"
"3.2.png","I:\Github\Ultimate-_tarter_Kit_for_Pico_W_PDF\Ultimate-Starter-Kit-for-Pico-W\docs\source\2.Python_Tutorial\img\4.software\3.2.png","I:\Github\Ultimate-_tarter_Kit_for_Pico_W_PDF\Ultimate-Starter-Kit-for-Pico-W\docs\source\2.Python_Tutorial\img\4.software\3.2.png","70770","PNG","False","89 50 4E 47 0D 0A 1A 0A 00 00 00 0D 49 48 44 52"
"3.3.png","I:\Github\Ultimate-_tarter_Kit_for_Pico_W_PDF\Ultimate-Starter-Kit-for-Pico-W\docs\source\2.Python_Tutorial\img\4.software\3.3.png","I:\Github\Ultimate-_tarter_Kit_for_Pico_W_PDF\Ultimate-Starter-Kit-for-Pico-W\docs\source\2.Python_Tutorial\img\4.software\3.3.png","64375","PNG","False","89 50 4E 47 0D 0A 1A 0A 00 00 00 0D 49 48 44 52"
"4.1.png","I:\Github\Ultimate-_tarter_Kit_for_Pico_W_PDF\Ultimate-Starter-Kit-for-Pico-W\docs\source\2.Python_Tutorial\img\4.software\4.1.png","I:\Github\Ultimate-_tarter_Kit_for_Pico_W_PDF\Ultimate-Starter-Kit-for-Pico-W\docs\source\2.Python_Tutorial\img\4.software\4.1.png","72179","PNG","False","89 50 4E 47 0D 0A 1A 0A 00 00 00 0D 49 48 44 52"
"4.2.png","I:\Github\Ultimate-_tarter_Kit_for_Pico_W_PDF\Ultimate-Starter-Kit-for-Pico-W\docs\source\2.Python_Tutorial\img\4.software\4.2.png","I:\Github\Ultimate-_tarter_Kit_for_Pico_W_PDF\Ultimate-Starter-Kit-for-Pico-W\docs\source\2.Python_Tutorial\img\4.software\4.2.png","73371","PNG","False","89 50 4E 47 0D 0A 1A 0A 00 00 00 0D 49 48 44 52"
"4.3.png","I:\Github\Ultimate-_tarter_Kit_for_Pico_W_PDF\Ultimate-Starter-Kit-for-Pico-W\docs\source\2.Python_Tutorial\img\4.software\4.3.png","I:\Github\Ultimate-_tarter_Kit_for_Pico_W_PDF\Ultimate-Starter-Kit-for-Pico-W\docs\source\2.Python_Tutorial\img\4.software\4.3.png","72769","PNG","False","89 50 4E 47 0D 0A 1A 0A 00 00 00 0D 49 48 44 52"
"4.4.png","I:\Github\Ultimate-_tarter_Kit_for_Pico_W_PDF\Ultimate-Starter-Kit-for-Pico-W\docs\source\2.Python_Tutorial\img\4.software\4.4.png","I:\Github\Ultimate-_tarter_Kit_for_Pico_W_PDF\Ultimate-Starter-Kit-for-Pico-W\docs\source\2.Python_Tutorial\img\4.software\4.4.png","71108","PNG","False","89 50 4E 47 0D 0A 1A 0A 00 00 00 0D 49 48 44 52"
"5.1.png","I:\Github\Ultimate-_tarter_Kit_for_Pico_W_PDF\Ultimate-Starter-Kit-for-Pico-W\docs\source\2.Python_Tutorial\img\4.software\5.1.png","I:\Github\Ultimate-_tarter_Kit_for_Pico_W_PDF\Ultimate-Starter-Kit-for-Pico-W\docs\source\2.Python_Tutorial\img\4.software\5.1.png","82092","PNG","False","89 50 4E 47 0D 0A 1A 0A 00 00 00 0D 49 48 44 52"
"5.2.png","I:\Github\Ultimate-_tarter_Kit_for_Pico_W_PDF\Ultimate-Starter-Kit-for-Pico-W\docs\source\2.Python_Tutorial\img\4.software\5.2.png","I:\Github\Ultimate-_tarter_Kit_for_Pico_W_PDF\Ultimate-Starter-Kit-for-Pico-W\docs\source\2.Python_Tutorial\img\4.software\5.2.png","75634","PNG","False","89 50 4E 47 0D 0A 1A 0A 00 00 00 0D 49 48 44 52"
"5.3.png","I:\Github\Ultimate-_tarter_Kit_for_Pico_W_PDF\Ultimate-Starter-Kit-for-Pico-W\docs\source\2.Python_Tutorial\img\4.software\5.3.png","I:\Github\Ultimate-_tarter_Kit_for_Pico_W_PDF\Ultimate-Starter-Kit-for-Pico-W\docs\source\2.Python_Tutorial\img\4.software\5.3.png","79942","PNG","False","89 50 4E 47 0D 0A 1A 0A 00 00 00 0D 49 48 44 52"
"5.4.png","I:\Github\Ultimate-_tarter_Kit_for_Pico_W_PDF\Ultimate-Starter-Kit-for-Pico-W\docs\source\2.Python_Tutorial\img\4.software\5.4.png","I:\Github\Ultimate-_tarter_Kit_for_Pico_W_PDF\Ultimate-Starter-Kit-for-Pico-W\docs\source\2.Python_Tutorial\img\4.software\5.4.png","75625","PNG","False","89 50 4E 47 0D 0A 1A 0A 00 00 00 0D 49 48 44 52"
"5.5-1.png","I:\Github\Ultimate-_tarter_Kit_for_Pico_W_PDF\Ultimate-Starter-Kit-for-Pico-W\docs\source\2.Python_Tutorial\img\4.software\5.5-1.png","I:\Github\Ultimate-_tarter_Kit_for_Pico_W_PDF\Ultimate-Starter-Kit-for-Pico-W\docs\source\2.Python_Tutorial\img\4.software\5.5-1.png","70688","PNG","False","89 50 4E 47 0D 0A 1A 0A 00 00 00 0D 49 48 44 52"
"5.5-2.png","I:\Github\Ultimate-_tarter_Kit_for_Pico_W_PDF\Ultimate-Starter-Kit-for-Pico-W\docs\source\2.Python_Tutorial\img\4.software\5.5-2.png","I:\Github\Ultimate-_tarter_Kit_for_Pico_W_PDF\Ultimate-Starter-Kit-for-Pico-W\docs\source\2.Python_Tutorial\img\4.software\5.5-2.png","68902","PNG","False","89 50 4E 47 0D 0A 1A 0A 00 00 00 0D 49 48 44 52"
"6.1.png","I:\Github\Ultimate-_tarter_Kit_for_Pico_W_PDF\Ultimate-Starter-Kit-for-Pico-W\docs\source\2.Python_Tutorial\img\4.software\6.1.png","I:\Github\Ultimate-_tarter_Kit_for_Pico_W_PDF\Ultimate-Starter-Kit-for-Pico-W\docs\source\2.Python_Tutorial\img\4.software\6.1.png","80165","PNG","False","89 50 4E 47 0D 0A 1A 0A 00 00 00 0D 49 48 44 52"
"6.10.png","I:\Github\Ultimate-_tarter_Kit_for_Pico_W_PDF\Ultimate-Starter-Kit-for-Pico-W\docs\source\2.Python_Tutorial\img\4.software\6.10.png","I:\Github\Ultimate-_tarter_Kit_for_Pico_W_PDF\Ultimate-Starter-Kit-for-Pico-W\docs\source\2.Python_Tutorial\img\4.software\6.10.png","63717","PNG","False","89 50 4E 47 0D 0A 1A 0A 00 00 00 0D 49 48 44 52"
"6.11.png","I:\Github\Ultimate-_tarter_Kit_for_Pico_W_PDF\Ultimate-Starter-Kit-for-Pico-W\docs\source\2.Python_Tutorial\img\4.software\6.11.png","I:\Github\Ultimate-_tarter_Kit_for_Pico_W_PDF\Ultimate-Starter-Kit-for-Pico-W\docs\source\2.Python_Tutorial\img\4.software\6.11.png","85524","PNG","False","89 50 4E 47 0D 0A 1A 0A 00 00 00 0D 49 48 44 52"
"6.12-1.png","I:\Github\Ultimate-_tarter_Kit_for_Pico_W_PDF\Ultimate-Starter-Kit-for-Pico-W\docs\source\2.Python_Tutorial\img\4.software\6.12-1.png","I:\Github\Ultimate-_tarter_Kit_for_Pico_W_PDF\Ultimate-Starter-Kit-for-Pico-W\docs\source\2.Python_Tutorial\img\4.software\6.12-1.png","51533","PNG","False","89 50 4E 47 0D 0A 1A 0A 00 00 00 0D 49 48 44 52"
"6.12-2.png","I:\Github\Ultimate-_tarter_Kit_for_Pico_W_PDF\Ultimate-Starter-Kit-for-Pico-W\docs\source\2.Python_Tutorial\img\4.software\6.12-2.png","I:\Github\Ultimate-_tarter_Kit_for_Pico_W_PDF\Ultimate-Starter-Kit-for-Pico-W\docs\source\2.Python_Tutorial\img\4.software\6.12-2.png","37984","PNG","False","89 50 4E 47 0D 0A 1A 0A 00 00 00 0D 49 48 44 52"
"6.12.png","I:\Github\Ultimate-_tarter_Kit_for_Pico_W_PDF\Ultimate-Starter-Kit-for-Pico-W\docs\source\2.Python_Tutorial\img\4.software\6.12.png","I:\Github\Ultimate-_tarter_Kit_for_Pico_W_PDF\Ultimate-Starter-Kit-for-Pico-W\docs\source\2.Python_Tutorial\img\4.software\6.12.png","89277","PNG","False","89 50 4E 47 0D 0A 1A 0A 00 00 00 0D 49 48 44 52"
"6.13.png","I:\Github\Ultimate-_tarter_Kit_for_Pico_W_PDF\Ultimate-Starter-Kit-for-Pico-W\docs\source\2.Python_Tutorial\img\4.software\6.13.png","I:\Github\Ultimate-_tarter_Kit_for_Pico_W_PDF\Ultimate-Starter-Kit-for-Pico-W\docs\source\2.Python_Tutorial\img\4.software\6.13.png","87490","PNG","False","89 50 4E 47 0D 0A 1A 0A 00 00 00 0D 49 48 44 52"
"6.2.png","I:\Github\Ultimate-_tarter_Kit_for_Pico_W_PDF\Ultimate-Starter-Kit-for-Pico-W\docs\source\2.Python_Tutorial\img\4.software\6.2.png","I:\Github\Ultimate-_tarter_Kit_for_Pico_W_PDF\Ultimate-Starter-Kit-for-Pico-W\docs\source\2.Python_Tutorial\img\4.software\6.2.png","74254","PNG","False","89 50 4E 47 0D 0A 1A 0A 00 00 00 0D 49 48 44 52"
"6.3.png","I:\Github\Ultimate-_tarter_Kit_for_Pico_W_PDF\Ultimate-Starter-Kit-for-Pico-W\docs\source\2.Python_Tutorial\img\4.software\6.3.png","I:\Github\Ultimate-_tarter_Kit_for_Pico_W_PDF\Ultimate-Starter-Kit-for-Pico-W\docs\source\2.Python_Tutorial\img\4.software\6.3.png","80155","PNG","False","89 50 4E 47 0D 0A 1A 0A 00 00 00 0D 49 48 44 52"
"6.4.png","I:\Github\Ultimate-_tarter_Kit_for_Pico_W_PDF\Ultimate-Starter-Kit-for-Pico-W\docs\source\2.Python_Tutorial\img\4.software\6.4.png","I:\Github\Ultimate-_tarter_Kit_for_Pico_W_PDF\Ultimate-Starter-Kit-for-Pico-W\docs\source\2.Python_Tutorial\img\4.software\6.4.png","86967","PNG","False","89 50 4E 47 0D 0A 1A 0A 00 00 00 0D 49 48 44 52"
"6.5.png","I:\Github\Ultimate-_tarter_Kit_for_Pico_W_PDF\Ultimate-Starter-Kit-for-Pico-W\docs\source\2.Python_Tutorial\img\4.software\6.5.png","I:\Github\Ultimate-_tarter_Kit_for_Pico_W_PDF\Ultimate-Starter-Kit-for-Pico-W\docs\source\2.Python_Tutorial\img\4.software\6.5.png","88513","PNG","False","89 50 4E 47 0D 0A 1A 0A 00 00 00 0D 49 48 44 52"
"6.6.png","I:\Github\Ultimate-_tarter_Kit_for_Pico_W_PDF\Ultimate-Starter-Kit-for-Pico-W\docs\source\2.Python_Tutorial\img\4.software\6.6.png","I:\Github\Ultimate-_tarter_Kit_for_Pico_W_PDF\Ultimate-Starter-Kit-for-Pico-W\docs\source\2.Python_Tutorial\img\4.software\6.6.png","88819","PNG","False","89 50 4E 47 0D 0A 1A 0A 00 00 00 0D 49 48 44 52"
"6.7.png","I:\Github\Ultimate-_tarter_Kit_for_Pico_W_PDF\Ultimate-Starter-Kit-for-Pico-W\docs\source\2.Python_Tutorial\img\4.software\6.7.png","I:\Github\Ultimate-_tarter_Kit_for_Pico_W_PDF\Ultimate-Starter-Kit-for-Pico-W\docs\source\2.Python_Tutorial\img\4.software\6.7.png","86458","PNG","False","89 50 4E 47 0D 0A 1A 0A 00 00 00 0D 49 48 44 52"
"6.8.png","I:\Github\Ultimate-_tarter_Kit_for_Pico_W_PDF\Ultimate-Starter-Kit-for-Pico-W\docs\source\2.Python_Tutorial\img\4.software\6.8.png","I:\Github\Ultimate-_tarter_Kit_for_Pico_W_PDF\Ultimate-Starter-Kit-for-Pico-W\docs\source\2.Python_Tutorial\img\4.software\6.8.png","71359","PNG","False","89 50 4E 47 0D 0A 1A 0A 00 00 00 0D 49 48 44 52"
"7.2-1.png","I:\Github\Ultimate-_tarter_Kit_for_Pico_W_PDF\Ultimate-Starter-Kit-for-Pico-W\docs\source\2.Python_Tutorial\img\4.software\7.2-1.png","I:\Github\Ultimate-_tarter_Kit_for_Pico_W_PDF\Ultimate-Starter-Kit-for-Pico-W\docs\source\2.Python_Tutorial\img\4.software\7.2-1.png","61632","PNG","False","89 50 4E 47 0D 0A 1A 0A 00 00 00 0D 49 48 44 52"
"7.2-2.png","I:\Github\Ultimate-_tarter_Kit_for_Pico_W_PDF\Ultimate-Starter-Kit-for-Pico-W\docs\source\2.Python_Tutorial\img\4.software\7.2-2.png","I:\Github\Ultimate-_tarter_Kit_for_Pico_W_PDF\Ultimate-Starter-Kit-for-Pico-W\docs\source\2.Python_Tutorial\img\4.software\7.2-2.png","70520","PNG","False","89 50 4E 47 0D 0A 1A 0A 00 00 00 0D 49 48 44 52"
"7.2-3.png","I:\Github\Ultimate-_tarter_Kit_for_Pico_W_PDF\Ultimate-Starter-Kit-for-Pico-W\docs\source\2.Python_Tutorial\img\4.software\7.2-3.png","I:\Github\Ultimate-_tarter_Kit_for_Pico_W_PDF\Ultimate-Starter-Kit-for-Pico-W\docs\source\2.Python_Tutorial\img\4.software\7.2-3.png","19316","PNG","False","89 50 4E 47 0D 0A 1A 0A 00 00 00 0D 49 48 44 52"
"7.2.png","I:\Github\Ultimate-_tarter_Kit_for_Pico_W_PDF\Ultimate-Starter-Kit-for-Pico-W\docs\source\2.Python_Tutorial\img\4.software\7.2.png","I:\Github\Ultimate-_tarter_Kit_for_Pico_W_PDF\Ultimate-Starter-Kit-for-Pico-W\docs\source\2.Python_Tutorial\img\4.software\7.2.png","61075","PNG","False","89 50 4E 47 0D 0A 1A 0A 00 00 00 0D 49 48 44 52"
"7.4.png","I:\Github\Ultimate-_tarter_Kit_for_Pico_W_PDF\Ultimate-Starter-Kit-for-Pico-W\docs\source\2.Python_Tutorial\img\4.software\7.4.png","I:\Github\Ultimate-_tarter_Kit_for_Pico_W_PDF\Ultimate-Starter-Kit-for-Pico-W\docs\source\2.Python_Tutorial\img\4.software\7.4.png","101113","PNG","False","89 50 4E 47 0D 0A 1A 0A 00 00 00 0D 49 48 44 52"
"7.5.png","I:\Github\Ultimate-_tarter_Kit_for_Pico_W_PDF\Ultimate-Starter-Kit-for-Pico-W\docs\source\2.Python_Tutorial\img\4.software\7.5.png","I:\Github\Ultimate-_tarter_Kit_for_Pico_W_PDF\Ultimate-Starter-Kit-for-Pico-W\docs\source\2.Python_Tutorial\img\4.software\7.5.png","86626","PNG","False","89 50 4E 47 0D 0A 1A 0A 00 00 00 0D 49 48 44 52"
"7.6.png","I:\Github\Ultimate-_tarter_Kit_for_Pico_W_PDF\Ultimate-Starter-Kit-for-Pico-W\docs\source\2.Python_Tutorial\img\4.software\7.6.png","I:\Github\Ultimate-_tarter_Kit_for_Pico_W_PDF\Ultimate-Starter-Kit-for-Pico-W\docs\source\2.Python_Tutorial\img\4.software\7.6.png","76366","PNG","False","89 50 4E 47 0D 0A 1A 0A 00 00 00 0D 49 48 44 52"
"1.10.png","I:\Github\Ultimate-_tarter_Kit_for_Pico_W_PDF\Ultimate-Starter-Kit-for-Pico-W\docs\source\2.Python_Tutorial\img\5.phenomenon\1.10.png","I:\Github\Ultimate-_tarter_Kit_for_Pico_W_PDF\Ultimate-Starter-Kit-for-Pico-W\docs\source\2.Python_Tutorial\img\5.phenomenon\1.10.png","2455644","JPEG","True","FF D8 FF E5 00 1A 49 54 55 54 33 35 26 04 00 06"
"1.12.png","I:\Github\Ultimate-_tarter_Kit_for_Pico_W_PDF\Ultimate-Starter-Kit-for-Pico-W\docs\source\2.Python_Tutorial\img\5.phenomenon\1.12.png","I:\Github\Ultimate-_tarter_Kit_for_Pico_W_PDF\Ultimate-Starter-Kit-for-Pico-W\docs\source\2.Python_Tutorial\img\5.phenomenon\1.12.png","2482301","JPEG","True","FF D8 FF E5 00 1A 49 54 55 54 33 35 26 04 00 06"
"1.13.png","I:\Github\Ultimate-_tarter_Kit_for_Pico_W_PDF\Ultimate-Starter-Kit-for-Pico-W\docs\source\2.Python_Tutorial\img\5.phenomenon\1.13.png","I:\Github\Ultimate-_tarter_Kit_for_Pico_W_PDF\Ultimate-Starter-Kit-for-Pico-W\docs\source\2.Python_Tutorial\img\5.phenomenon\1.13.png","2891044","JPEG","True","FF D8 FF E5 00 1A 49 54 55 54 33 35 26 04 00 06"
"1.14.png","I:\Github\Ultimate-_tarter_Kit_for_Pico_W_PDF\Ultimate-Starter-Kit-for-Pico-W\docs\source\2.Python_Tutorial\img\5.phenomenon\1.14.png","I:\Github\Ultimate-_tarter_Kit_for_Pico_W_PDF\Ultimate-Starter-Kit-for-Pico-W\docs\source\2.Python_Tutorial\img\5.phenomenon\1.14.png","2651313","JPEG","True","FF D8 FF E5 00 1A 49 54 55 54 33 35 26 04 00 06"
"1.2.png","I:\Github\Ultimate-_tarter_Kit_for_Pico_W_PDF\Ultimate-Starter-Kit-for-Pico-W\docs\source\2.Python_Tutorial\img\5.phenomenon\1.2.png","I:\Github\Ultimate-_tarter_Kit_for_Pico_W_PDF\Ultimate-Starter-Kit-for-Pico-W\docs\source\2.Python_Tutorial\img\5.phenomenon\1.2.png","2863826","JPEG","True","FF D8 FF E5 00 1A 49 54 55 54 33 35 26 04 00 06"
"1.6.png","I:\Github\Ultimate-_tarter_Kit_for_Pico_W_PDF\Ultimate-Starter-Kit-for-Pico-W\docs\source\2.Python_Tutorial\img\5.phenomenon\1.6.png","I:\Github\Ultimate-_tarter_Kit_for_Pico_W_PDF\Ultimate-Starter-Kit-for-Pico-W\docs\source\2.Python_Tutorial\img\5.phenomenon\1.6.png","2915852","JPEG","True","FF D8 FF E5 00 1A 49 54 55 54 33 35 26 04 00 06"
"1.7.png","I:\Github\Ultimate-_tarter_Kit_for_Pico_W_PDF\Ultimate-Starter-Kit-for-Pico-W\docs\source\2.Python_Tutorial\img\5.phenomenon\1.7.png","I:\Github\Ultimate-_tarter_Kit_for_Pico_W_PDF\Ultimate-Starter-Kit-for-Pico-W\docs\source\2.Python_Tutorial\img\5.phenomenon\1.7.png","2330488","JPEG","True","FF D8 FF E5 00 1A 49 54 55 54 33 35 26 04 00 06"
"1.8.png","I:\Github\Ultimate-_tarter_Kit_for_Pico_W_PDF\Ultimate-Starter-Kit-for-Pico-W\docs\source\2.Python_Tutorial\img\5.phenomenon\1.8.png","I:\Github\Ultimate-_tarter_Kit_for_Pico_W_PDF\Ultimate-Starter-Kit-for-Pico-W\docs\source\2.Python_Tutorial\img\5.phenomenon\1.8.png","2265815","JPEG","True","FF D8 FF E5 00 1A 49 54 55 54 33 35 26 04 00 06"
"1.9.png","I:\Github\Ultimate-_tarter_Kit_for_Pico_W_PDF\Ultimate-Starter-Kit-for-Pico-W\docs\source\2.Python_Tutorial\img\5.phenomenon\1.9.png","I:\Github\Ultimate-_tarter_Kit_for_Pico_W_PDF\Ultimate-Starter-Kit-for-Pico-W\docs\source\2.Python_Tutorial\img\5.phenomenon\1.9.png","2378402","JPEG","True","FF D8 FF E5 00 1A 49 54 55 54 33 35 26 04 00 06"
"2.1.png","I:\Github\Ultimate-_tarter_Kit_for_Pico_W_PDF\Ultimate-Starter-Kit-for-Pico-W\docs\source\2.Python_Tutorial\img\5.phenomenon\2.1.png","I:\Github\Ultimate-_tarter_Kit_for_Pico_W_PDF\Ultimate-Starter-Kit-for-Pico-W\docs\source\2.Python_Tutorial\img\5.phenomenon\2.1.png","2480299","JPEG","True","FF D8 FF E5 00 1A 49 54 55 54 33 35 26 04 00 06"
"2.2.png","I:\Github\Ultimate-_tarter_Kit_for_Pico_W_PDF\Ultimate-Starter-Kit-for-Pico-W\docs\source\2.Python_Tutorial\img\5.phenomenon\2.2.png","I:\Github\Ultimate-_tarter_Kit_for_Pico_W_PDF\Ultimate-Starter-Kit-for-Pico-W\docs\source\2.Python_Tutorial\img\5.phenomenon\2.2.png","2801273","JPEG","True","FF D8 FF E5 00 1A 49 54 55 54 33 35 26 04 00 06"
"2.3.png","I:\Github\Ultimate-_tarter_Kit_for_Pico_W_PDF\Ultimate-Starter-Kit-for-Pico-W\docs\source\2.Python_Tutorial\img\5.phenomenon\2.3.png","I:\Github\Ultimate-_tarter_Kit_for_Pico_W_PDF\Ultimate-Starter-Kit-for-Pico-W\docs\source\2.Python_Tutorial\img\5.phenomenon\2.3.png","2202508","JPEG","True","FF D8 FF E5 00 1A 49 54 55 54 33 35 26 04 00 06"
"3.1.png","I:\Github\Ultimate-_tarter_Kit_for_Pico_W_PDF\Ultimate-Starter-Kit-for-Pico-W\docs\source\2.Python_Tutorial\img\5.phenomenon\3.1.png","I:\Github\Ultimate-_tarter_Kit_for_Pico_W_PDF\Ultimate-Starter-Kit-for-Pico-W\docs\source\2.Python_Tutorial\img\5.phenomenon\3.1.png","3275821","JPEG","True","FF D8 FF E5 00 1A 49 54 55 54 33 35 26 04 00 06"
"3.2.png","I:\Github\Ultimate-_tarter_Kit_for_Pico_W_PDF\Ultimate-Starter-Kit-for-Pico-W\docs\source\2.Python_Tutorial\img\5.phenomenon\3.2.png","I:\Github\Ultimate-_tarter_Kit_for_Pico_W_PDF\Ultimate-Starter-Kit-for-Pico-W\docs\source\2.Python_Tutorial\img\5.phenomenon\3.2.png","113983","JPEG","True","FF D8 FF E0 00 10 4A 46 49 46 00 01 01 00 00 01"
"3.3.png","I:\Github\Ultimate-_tarter_Kit_for_Pico_W_PDF\Ultimate-Starter-Kit-for-Pico-W\docs\source\2.Python_Tutorial\img\5.phenomenon\3.3.png","I:\Github\Ultimate-_tarter_Kit_for_Pico_W_PDF\Ultimate-Starter-Kit-for-Pico-W\docs\source\2.Python_Tutorial\img\5.phenomenon\3.3.png","2964861","JPEG","True","FF D8 FF E5 00 1A 49 54 55 54 33 35 26 04 00 06"
"5.1.png","I:\Github\Ultimate-_tarter_Kit_for_Pico_W_PDF\Ultimate-Starter-Kit-for-Pico-W\docs\source\2.Python_Tutorial\img\5.phenomenon\5.1.png","I:\Github\Ultimate-_tarter_Kit_for_Pico_W_PDF\Ultimate-Starter-Kit-for-Pico-W\docs\source\2.Python_Tutorial\img\5.phenomenon\5.1.png","2610798","JPEG","True","FF D8 FF E5 00 1A 49 54 55 54 33 35 26 04 00 06"
"5.2.png","I:\Github\Ultimate-_tarter_Kit_for_Pico_W_PDF\Ultimate-Starter-Kit-for-Pico-W\docs\source\2.Python_Tutorial\img\5.phenomenon\5.2.png","I:\Github\Ultimate-_tarter_Kit_for_Pico_W_PDF\Ultimate-Starter-Kit-for-Pico-W\docs\source\2.Python_Tutorial\img\5.phenomenon\5.2.png","2340753","JPEG","True","FF D8 FF E5 00 1A 49 54 55 54 33 35 26 04 00 06"
"5.3.png","I:\Github\Ultimate-_tarter_Kit_for_Pico_W_PDF\Ultimate-Starter-Kit-for-Pico-W\docs\source\2.Python_Tutorial\img\5.phenomenon\5.3.png","I:\Github\Ultimate-_tarter_Kit_for_Pico_W_PDF\Ultimate-Starter-Kit-for-Pico-W\docs\source\2.Python_Tutorial\img\5.phenomenon\5.3.png","2228523","JPEG","True","FF D8 FF E5 00 1A 49 54 55 54 33 35 26 04 00 06"
"5.4.png","I:\Github\Ultimate-_tarter_Kit_for_Pico_W_PDF\Ultimate-Starter-Kit-for-Pico-W\docs\source\2.Python_Tutorial\img\5.phenomenon\5.4.png","I:\Github\Ultimate-_tarter_Kit_for_Pico_W_PDF\Ultimate-Starter-Kit-for-Pico-W\docs\source\2.Python_Tutorial\img\5.phenomenon\5.4.png","727234","JPEG","True","FF D8 FF E0 00 10 4A 46 49 46 00 01 01 01 00 60"
"5.5.png","I:\Github\Ultimate-_tarter_Kit_for_Pico_W_PDF\Ultimate-Starter-Kit-for-Pico-W\docs\source\2.Python_Tutorial\img\5.phenomenon\5.5.png","I:\Github\Ultimate-_tarter_Kit_for_Pico_W_PDF\Ultimate-Starter-Kit-for-Pico-W\docs\source\2.Python_Tutorial\img\5.phenomenon\5.5.png","2908156","JPEG","True","FF D8 FF E5 00 1A 49 54 55 54 33 35 26 04 00 06"
"6.11.png","I:\Github\Ultimate-_tarter_Kit_for_Pico_W_PDF\Ultimate-Starter-Kit-for-Pico-W\docs\source\2.Python_Tutorial\img\5.phenomenon\6.11.png","I:\Github\Ultimate-_tarter_Kit_for_Pico_W_PDF\Ultimate-Starter-Kit-for-Pico-W\docs\source\2.Python_Tutorial\img\5.phenomenon\6.11.png","2530827","JPEG","True","FF D8 FF E1 04 4D 45 78 69 66 00 00 4D 4D 00 2A"
"6.12.png","I:\Github\Ultimate-_tarter_Kit_for_Pico_W_PDF\Ultimate-Starter-Kit-for-Pico-W\docs\source\2.Python_Tutorial\img\5.phenomenon\6.12.png","I:\Github\Ultimate-_tarter_Kit_for_Pico_W_PDF\Ultimate-Starter-Kit-for-Pico-W\docs\source\2.Python_Tutorial\img\5.phenomenon\6.12.png","2296509","JPEG","True","FF D8 FF E5 00 1A 49 54 55 54 33 35 26 04 00 06"
"7.4.png","I:\Github\Ultimate-_tarter_Kit_for_Pico_W_PDF\Ultimate-Starter-Kit-for-Pico-W\docs\source\2.Python_Tutorial\img\5.phenomenon\7.4.png","I:\Github\Ultimate-_tarter_Kit_for_Pico_W_PDF\Ultimate-Starter-Kit-for-Pico-W\docs\source\2.Python_Tutorial\img\5.phenomenon\7.4.png","110750","JPEG","True","FF D8 FF E0 00 10 4A 46 49 46 00 01 01 01 00 48"
"7.5.png","I:\Github\Ultimate-_tarter_Kit_for_Pico_W_PDF\Ultimate-Starter-Kit-for-Pico-W\docs\source\2.Python_Tutorial\img\5.phenomenon\7.5.png","I:\Github\Ultimate-_tarter_Kit_for_Pico_W_PDF\Ultimate-Starter-Kit-for-Pico-W\docs\source\2.Python_Tutorial\img\5.phenomenon\7.5.png","88536","PNG","False","89 50 4E 47 0D 0A 1A 0A 00 00 00 0D 49 48 44 52"
"7.6.png","I:\Github\Ultimate-_tarter_Kit_for_Pico_W_PDF\Ultimate-Starter-Kit-for-Pico-W\docs\source\2.Python_Tutorial\img\5.phenomenon\7.6.png","I:\Github\Ultimate-_tarter_Kit_for_Pico_W_PDF\Ultimate-Starter-Kit-for-Pico-W\docs\source\2.Python_Tutorial\img\5.phenomenon\7.6.png","50742","PNG","False","89 50 4E 47 0D 0A 1A 0A 00 00 00 0D 49 48 44 52"
"pico_adc.png","I:\Github\Ultimate-_tarter_Kit_for_Pico_W_PDF\Ultimate-Starter-Kit-for-Pico-W\docs\source\2.Python_Tutorial\img\6.other\pico_adc.png","I:\Github\Ultimate-_tarter_Kit_for_Pico_W_PDF\Ultimate-Starter-Kit-for-Pico-W\docs\source\2.Python_Tutorial\img\6.other\pico_adc.png","86318","WebP","True","52 49 46 46 26 51 01 00 57 45 42 50 56 50 38 4C"
"PIR.png","I:\Github\Ultimate-_tarter_Kit_for_Pico_W_PDF\Ultimate-Starter-Kit-for-Pico-W\docs\source\2.Python_Tutorial\img\6.other\PIR.png","I:\Github\Ultimate-_tarter_Kit_for_Pico_W_PDF\Ultimate-Starter-Kit-for-Pico-W\docs\source\2.Python_Tutorial\img\6.other\PIR.png","486578","WebP","True","52 49 46 46 AA 6C 07 00 57 45 42 50 56 50 38 4C"
"PIR2.png","I:\Github\Ultimate-_tarter_Kit_for_Pico_W_PDF\Ultimate-Starter-Kit-for-Pico-W\docs\source\2.Python_Tutorial\img\6.other\PIR2.png","I:\Github\Ultimate-_tarter_Kit_for_Pico_W_PDF\Ultimate-Starter-Kit-for-Pico-W\docs\source\2.Python_Tutorial\img\6.other\PIR2.png","215206","JPEG","True","FF D8 FF E0 00 10 4A 46 49 46 00 01 01 00 00 01"
"7.2-0.png","I:\Github\Ultimate-_tarter_Kit_for_Pico_W_PDF\Ultimate-Starter-Kit-for-Pico-W\docs\source\2.Python_Tutorial\img\iot\7.2-0.png","I:\Github\Ultimate-_tarter_Kit_for_Pico_W_PDF\Ultimate-Starter-Kit-for-Pico-W\docs\source\2.Python_Tutorial\img\iot\7.2-0.png","194717","PNG","False","89 50 4E 47 0D 0A 1A 0A 00 00 00 0D 49 48 44 52"
"7.2-1.png","I:\Github\Ultimate-_tarter_Kit_for_Pico_W_PDF\Ultimate-Starter-Kit-for-Pico-W\docs\source\2.Python_Tutorial\img\iot\7.2-1.png","I:\Github\Ultimate-_tarter_Kit_for_Pico_W_PDF\Ultimate-Starter-Kit-for-Pico-W\docs\source\2.Python_Tutorial\img\iot\7.2-1.png","148224","PNG","False","89 50 4E 47 0D 0A 1A 0A 00 00 00 0D 49 48 44 52"
"7.2-2.png","I:\Github\Ultimate-_tarter_Kit_for_Pico_W_PDF\Ultimate-Starter-Kit-for-Pico-W\docs\source\2.Python_Tutorial\img\iot\7.2-2.png","I:\Github\Ultimate-_tarter_Kit_for_Pico_W_PDF\Ultimate-Starter-Kit-for-Pico-W\docs\source\2.Python_Tutorial\img\iot\7.2-2.png","131669","PNG","False","89 50 4E 47 0D 0A 1A 0A 00 00 00 0D 49 48 44 52"
"7.2-3.png","I:\Github\Ultimate-_tarter_Kit_for_Pico_W_PDF\Ultimate-Starter-Kit-for-Pico-W\docs\source\2.Python_Tutorial\img\iot\7.2-3.png","I:\Github\Ultimate-_tarter_Kit_for_Pico_W_PDF\Ultimate-Starter-Kit-for-Pico-W\docs\source\2.Python_Tutorial\img\iot\7.2-3.png","131276","PNG","False","89 50 4E 47 0D 0A 1A 0A 00 00 00 0D 49 48 44 52"
"7.4-1.png","I:\Github\Ultimate-_tarter_Kit_for_Pico_W_PDF\Ultimate-Starter-Kit-for-Pico-W\docs\source\2.Python_Tutorial\img\iot\7.4-1.png","I:\Github\Ultimate-_tarter_Kit_for_Pico_W_PDF\Ultimate-Starter-Kit-for-Pico-W\docs\source\2.Python_Tutorial\img\iot\7.4-1.png","896043","PNG","False","89 50 4E 47 0D 0A 1A 0A 00 00 00 0D 49 48 44 52"
"7.4-2.png","I:\Github\Ultimate-_tarter_Kit_for_Pico_W_PDF\Ultimate-Starter-Kit-for-Pico-W\docs\source\2.Python_Tutorial\img\iot\7.4-2.png","I:\Github\Ultimate-_tarter_Kit_for_Pico_W_PDF\Ultimate-Starter-Kit-for-Pico-W\docs\source\2.Python_Tutorial\img\iot\7.4-2.png","59123","PNG","False","89 50 4E 47 0D 0A 1A 0A 00 00 00 0D 49 48 44 52"
"access1.png","I:\Github\Ultimate-_tarter_Kit_for_Pico_W_PDF\Ultimate-Starter-Kit-for-Pico-W\docs\source\2.Python_Tutorial\img\iot\access1.png","I:\Github\Ultimate-_tarter_Kit_for_Pico_W_PDF\Ultimate-Starter-Kit-for-Pico-W\docs\source\2.Python_Tutorial\img\iot\access1.png","54868","PNG","False","89 50 4E 47 0D 0A 1A 0A 00 00 00 0D 49 48 44 52"
"access2.png","I:\Github\Ultimate-_tarter_Kit_for_Pico_W_PDF\Ultimate-Starter-Kit-for-Pico-W\docs\source\2.Python_Tutorial\img\iot\access2.png","I:\Github\Ultimate-_tarter_Kit_for_Pico_W_PDF\Ultimate-Starter-Kit-for-Pico-W\docs\source\2.Python_Tutorial\img\iot\access2.png","53015","PNG","False","89 50 4E 47 0D 0A 1A 0A 00 00 00 0D 49 48 44 52"
"access3.png","I:\Github\Ultimate-_tarter_Kit_for_Pico_W_PDF\Ultimate-Starter-Kit-for-Pico-W\docs\source\2.Python_Tutorial\img\iot\access3.png","I:\Github\Ultimate-_tarter_Kit_for_Pico_W_PDF\Ultimate-Starter-Kit-for-Pico-W\docs\source\2.Python_Tutorial\img\iot\access3.png","64130","PNG","False","89 50 4E 47 0D 0A 1A 0A 00 00 00 0D 49 48 44 52"
"access4.png","I:\Github\Ultimate-_tarter_Kit_for_Pico_W_PDF\Ultimate-Starter-Kit-for-Pico-W\docs\source\2.Python_Tutorial\img\iot\access4.png","I:\Github\Ultimate-_tarter_Kit_for_Pico_W_PDF\Ultimate-Starter-Kit-for-Pico-W\docs\source\2.Python_Tutorial\img\iot\access4.png","55226","PNG","False","89 50 4E 47 0D 0A 1A 0A 00 00 00 0D 49 48 44 52"
"access5.png","I:\Github\Ultimate-_tarter_Kit_for_Pico_W_PDF\Ultimate-Starter-Kit-for-Pico-W\docs\source\2.Python_Tutorial\img\iot\access5.png","I:\Github\Ultimate-_tarter_Kit_for_Pico_W_PDF\Ultimate-Starter-Kit-for-Pico-W\docs\source\2.Python_Tutorial\img\iot\access5.png","68829","PNG","False","89 50 4E 47 0D 0A 1A 0A 00 00 00 0D 49 48 44 52"
"access6.png","I:\Github\Ultimate-_tarter_Kit_for_Pico_W_PDF\Ultimate-Starter-Kit-for-Pico-W\docs\source\2.Python_Tutorial\img\iot\access6.png","I:\Github\Ultimate-_tarter_Kit_for_Pico_W_PDF\Ultimate-Starter-Kit-for-Pico-W\docs\source\2.Python_Tutorial\img\iot\access6.png","4498","PNG","False","89 50 4E 47 0D 0A 1A 0A 00 00 00 0D 49 48 44 52"
"access7.png","I:\Github\Ultimate-_tarter_Kit_for_Pico_W_PDF\Ultimate-Starter-Kit-for-Pico-W\docs\source\2.Python_Tutorial\img\iot\access7.png","I:\Github\Ultimate-_tarter_Kit_for_Pico_W_PDF\Ultimate-Starter-Kit-for-Pico-W\docs\source\2.Python_Tutorial\img\iot\access7.png","62240","PNG","False","89 50 4E 47 0D 0A 1A 0A 00 00 00 0D 49 48 44 52"
"access8.png","I:\Github\Ultimate-_tarter_Kit_for_Pico_W_PDF\Ultimate-Starter-Kit-for-Pico-W\docs\source\2.Python_Tutorial\img\iot\access8.png","I:\Github\Ultimate-_tarter_Kit_for_Pico_W_PDF\Ultimate-Starter-Kit-for-Pico-W\docs\source\2.Python_Tutorial\img\iot\access8.png","67738","PNG","False","89 50 4E 47 0D 0A 1A 0A 00 00 00 0D 49 48 44 52"
"access9.png","I:\Github\Ultimate-_tarter_Kit_for_Pico_W_PDF\Ultimate-Starter-Kit-for-Pico-W\docs\source\2.Python_Tutorial\img\iot\access9.png","I:\Github\Ultimate-_tarter_Kit_for_Pico_W_PDF\Ultimate-Starter-Kit-for-Pico-W\docs\source\2.Python_Tutorial\img\iot\access9.png","65510","PNG","False","89 50 4E 47 0D 0A 1A 0A 00 00 00 0D 49 48 44 52"
"anvil-13.png","I:\Github\Ultimate-_tarter_Kit_for_Pico_W_PDF\Ultimate-Starter-Kit-for-Pico-W\docs\source\2.Python_Tutorial\img\iot\anvil-13.png","I:\Github\Ultimate-_tarter_Kit_for_Pico_W_PDF\Ultimate-Starter-Kit-for-Pico-W\docs\source\2.Python_Tutorial\img\iot\anvil-13.png","151222","PNG","False","89 50 4E 47 0D 0A 1A 0A 00 00 00 0D 49 48 44 52"
"B1.png","I:\Github\Ultimate-_tarter_Kit_for_Pico_W_PDF\Ultimate-Starter-Kit-for-Pico-W\docs\source\2.Python_Tutorial\img\iot\B1.png","I:\Github\Ultimate-_tarter_Kit_for_Pico_W_PDF\Ultimate-Starter-Kit-for-Pico-W\docs\source\2.Python_Tutorial\img\iot\B1.png","76730","PNG","False","89 50 4E 47 0D 0A 1A 0A 00 00 00 0D 49 48 44 52"
"B2-1.png","I:\Github\Ultimate-_tarter_Kit_for_Pico_W_PDF\Ultimate-Starter-Kit-for-Pico-W\docs\source\2.Python_Tutorial\img\iot\B2-1.png","I:\Github\Ultimate-_tarter_Kit_for_Pico_W_PDF\Ultimate-Starter-Kit-for-Pico-W\docs\source\2.Python_Tutorial\img\iot\B2-1.png","111396","PNG","False","89 50 4E 47 0D 0A 1A 0A 00 00 00 0D 49 48 44 52"
"B2-2.png","I:\Github\Ultimate-_tarter_Kit_for_Pico_W_PDF\Ultimate-Starter-Kit-for-Pico-W\docs\source\2.Python_Tutorial\img\iot\B2-2.png","I:\Github\Ultimate-_tarter_Kit_for_Pico_W_PDF\Ultimate-Starter-Kit-for-Pico-W\docs\source\2.Python_Tutorial\img\iot\B2-2.png","113527","PNG","False","89 50 4E 47 0D 0A 1A 0A 00 00 00 0D 49 48 44 52"
"B2.png","I:\Github\Ultimate-_tarter_Kit_for_Pico_W_PDF\Ultimate-Starter-Kit-for-Pico-W\docs\source\2.Python_Tutorial\img\iot\B2.png","I:\Github\Ultimate-_tarter_Kit_for_Pico_W_PDF\Ultimate-Starter-Kit-for-Pico-W\docs\source\2.Python_Tutorial\img\iot\B2.png","101940","PNG","False","89 50 4E 47 0D 0A 1A 0A 00 00 00 0D 49 48 44 52"
"B3.png","I:\Github\Ultimate-_tarter_Kit_for_Pico_W_PDF\Ultimate-Starter-Kit-for-Pico-W\docs\source\2.Python_Tutorial\img\iot\B3.png","I:\Github\Ultimate-_tarter_Kit_for_Pico_W_PDF\Ultimate-Starter-Kit-for-Pico-W\docs\source\2.Python_Tutorial\img\iot\B3.png","86102","PNG","False","89 50 4E 47 0D 0A 1A 0A 00 00 00 0D 49 48 44 52"
"B4.png","I:\Github\Ultimate-_tarter_Kit_for_Pico_W_PDF\Ultimate-Starter-Kit-for-Pico-W\docs\source\2.Python_Tutorial\img\iot\B4.png","I:\Github\Ultimate-_tarter_Kit_for_Pico_W_PDF\Ultimate-Starter-Kit-for-Pico-W\docs\source\2.Python_Tutorial\img\iot\B4.png","68321","PNG","False","89 50 4E 47 0D 0A 1A 0A 00 00 00 0D 49 48 44 52"
"B5.png","I:\Github\Ultimate-_tarter_Kit_for_Pico_W_PDF\Ultimate-Starter-Kit-for-Pico-W\docs\source\2.Python_Tutorial\img\iot\B5.png","I:\Github\Ultimate-_tarter_Kit_for_Pico_W_PDF\Ultimate-Starter-Kit-for-Pico-W\docs\source\2.Python_Tutorial\img\iot\B5.png","75863","PNG","False","89 50 4E 47 0D 0A 1A 0A 00 00 00 0D 49 48 44 52"
"B6.png","I:\Github\Ultimate-_tarter_Kit_for_Pico_W_PDF\Ultimate-Starter-Kit-for-Pico-W\docs\source\2.Python_Tutorial\img\iot\B6.png","I:\Github\Ultimate-_tarter_Kit_for_Pico_W_PDF\Ultimate-Starter-Kit-for-Pico-W\docs\source\2.Python_Tutorial\img\iot\B6.png","203735","PNG","False","89 50 4E 47 0D 0A 1A 0A 00 00 00 0D 49 48 44 52"
"B7.png","I:\Github\Ultimate-_tarter_Kit_for_Pico_W_PDF\Ultimate-Starter-Kit-for-Pico-W\docs\source\2.Python_Tutorial\img\iot\B7.png","I:\Github\Ultimate-_tarter_Kit_for_Pico_W_PDF\Ultimate-Starter-Kit-for-Pico-W\docs\source\2.Python_Tutorial\img\iot\B7.png","102818","PNG","False","89 50 4E 47 0D 0A 1A 0A 00 00 00 0D 49 48 44 52"
"B8.png","I:\Github\Ultimate-_tarter_Kit_for_Pico_W_PDF\Ultimate-Starter-Kit-for-Pico-W\docs\source\2.Python_Tutorial\img\iot\B8.png","I:\Github\Ultimate-_tarter_Kit_for_Pico_W_PDF\Ultimate-Starter-Kit-for-Pico-W\docs\source\2.Python_Tutorial\img\iot\B8.png","169831","PNG","False","89 50 4E 47 0D 0A 1A 0A 00 00 00 0D 49 48 44 52"
"B9.png","I:\Github\Ultimate-_tarter_Kit_for_Pico_W_PDF\Ultimate-Starter-Kit-for-Pico-W\docs\source\2.Python_Tutorial\img\iot\B9.png","I:\Github\Ultimate-_tarter_Kit_for_Pico_W_PDF\Ultimate-Starter-Kit-for-Pico-W\docs\source\2.Python_Tutorial\img\iot\B9.png","117094","PNG","False","89 50 4E 47 0D 0A 1A 0A 00 00 00 0D 49 48 44 52"
"boot.png","I:\Github\Ultimate-_tarter_Kit_for_Pico_W_PDF\Ultimate-Starter-Kit-for-Pico-W\docs\source\2.Python_Tutorial\img\iot\boot.png","I:\Github\Ultimate-_tarter_Kit_for_Pico_W_PDF\Ultimate-Starter-Kit-for-Pico-W\docs\source\2.Python_Tutorial\img\iot\boot.png","80431","PNG","False","89 50 4E 47 0D 0A 1A 0A 00 00 00 0D 49 48 44 52"
"main.png","I:\Github\Ultimate-_tarter_Kit_for_Pico_W_PDF\Ultimate-Starter-Kit-for-Pico-W\docs\source\2.Python_Tutorial\img\iot\main.png","I:\Github\Ultimate-_tarter_Kit_for_Pico_W_PDF\Ultimate-Starter-Kit-for-Pico-W\docs\source\2.Python_Tutorial\img\iot\main.png","84616","PNG","False","89 50 4E 47 0D 0A 1A 0A 00 00 00 0D 49 48 44 52"
"mqtt-1.png","I:\Github\Ultimate-_tarter_Kit_for_Pico_W_PDF\Ultimate-Starter-Kit-for-Pico-W\docs\source\2.Python_Tutorial\img\iot\mqtt-1.png","I:\Github\Ultimate-_tarter_Kit_for_Pico_W_PDF\Ultimate-Starter-Kit-for-Pico-W\docs\source\2.Python_Tutorial\img\iot\mqtt-1.png","21111","PNG","False","89 50 4E 47 0D 0A 1A 0A 00 00 00 0D 49 48 44 52"
"mqtt-2.png","I:\Github\Ultimate-_tarter_Kit_for_Pico_W_PDF\Ultimate-Starter-Kit-for-Pico-W\docs\source\2.Python_Tutorial\img\iot\mqtt-2.png","I:\Github\Ultimate-_tarter_Kit_for_Pico_W_PDF\Ultimate-Starter-Kit-for-Pico-W\docs\source\2.Python_Tutorial\img\iot\mqtt-2.png","15716","PNG","False","89 50 4E 47 0D 0A 1A 0A 00 00 00 0D 49 48 44 52"
"mqtt-3.png","I:\Github\Ultimate-_tarter_Kit_for_Pico_W_PDF\Ultimate-Starter-Kit-for-Pico-W\docs\source\2.Python_Tutorial\img\iot\mqtt-3.png","I:\Github\Ultimate-_tarter_Kit_for_Pico_W_PDF\Ultimate-Starter-Kit-for-Pico-W\docs\source\2.Python_Tutorial\img\iot\mqtt-3.png","23698","PNG","False","89 50 4E 47 0D 0A 1A 0A 00 00 00 0D 49 48 44 52"
"mqtt-4.png","I:\Github\Ultimate-_tarter_Kit_for_Pico_W_PDF\Ultimate-Starter-Kit-for-Pico-W\docs\source\2.Python_Tutorial\img\iot\mqtt-4.png","I:\Github\Ultimate-_tarter_Kit_for_Pico_W_PDF\Ultimate-Starter-Kit-for-Pico-W\docs\source\2.Python_Tutorial\img\iot\mqtt-4.png","24161","PNG","False","89 50 4E 47 0D 0A 1A 0A 00 00 00 0D 49 48 44 52"
"mqtt.png","I:\Github\Ultimate-_tarter_Kit_for_Pico_W_PDF\Ultimate-Starter-Kit-for-Pico-W\docs\source\2.Python_Tutorial\img\iot\mqtt.png","I:\Github\Ultimate-_tarter_Kit_for_Pico_W_PDF\Ultimate-Starter-Kit-for-Pico-W\docs\source\2.Python_Tutorial\img\iot\mqtt.png","14453","PNG","False","89 50 4E 47 0D 0A 1A 0A 00 00 00 0D 49 48 44 52"
"OWM1.png","I:\Github\Ultimate-_tarter_Kit_for_Pico_W_PDF\Ultimate-Starter-Kit-for-Pico-W\docs\source\2.Python_Tutorial\img\iot\OWM1.png","I:\Github\Ultimate-_tarter_Kit_for_Pico_W_PDF\Ultimate-Starter-Kit-for-Pico-W\docs\source\2.Python_Tutorial\img\iot\OWM1.png","89307","PNG","False","89 50 4E 47 0D 0A 1A 0A 00 00 00 0D 49 48 44 52"
"OWM2.png","I:\Github\Ultimate-_tarter_Kit_for_Pico_W_PDF\Ultimate-Starter-Kit-for-Pico-W\docs\source\2.Python_Tutorial\img\iot\OWM2.png","I:\Github\Ultimate-_tarter_Kit_for_Pico_W_PDF\Ultimate-Starter-Kit-for-Pico-W\docs\source\2.Python_Tutorial\img\iot\OWM2.png","3630","WebP","True","52 49 46 46 26 0E 00 00 57 45 42 50 56 50 38 4C"
"OWM3.png","I:\Github\Ultimate-_tarter_Kit_for_Pico_W_PDF\Ultimate-Starter-Kit-for-Pico-W\docs\source\2.Python_Tutorial\img\iot\OWM3.png","I:\Github\Ultimate-_tarter_Kit_for_Pico_W_PDF\Ultimate-Starter-Kit-for-Pico-W\docs\source\2.Python_Tutorial\img\iot\OWM3.png","30006","PNG","False","89 50 4E 47 0D 0A 1A 0A 00 00 00 0D 49 48 44 52"
"OWM4.png","I:\Github\Ultimate-_tarter_Kit_for_Pico_W_PDF\Ultimate-Starter-Kit-for-Pico-W\docs\source\2.Python_Tutorial\img\iot\OWM4.png","I:\Github\Ultimate-_tarter_Kit_for_Pico_W_PDF\Ultimate-Starter-Kit-for-Pico-W\docs\source\2.Python_Tutorial\img\iot\OWM4.png","60273","PNG","False","89 50 4E 47 0D 0A 1A 0A 00 00 00 0D 49 48 44 52"
"OWM5.png","I:\Github\Ultimate-_tarter_Kit_for_Pico_W_PDF\Ultimate-Starter-Kit-for-Pico-W\docs\source\2.Python_Tutorial\img\iot\OWM5.png","I:\Github\Ultimate-_tarter_Kit_for_Pico_W_PDF\Ultimate-Starter-Kit-for-Pico-W\docs\source\2.Python_Tutorial\img\iot\OWM5.png","15191","PNG","False","89 50 4E 47 0D 0A 1A 0A 00 00 00 0D 49 48 44 52"
"OWM6.png","I:\Github\Ultimate-_tarter_Kit_for_Pico_W_PDF\Ultimate-Starter-Kit-for-Pico-W\docs\source\2.Python_Tutorial\img\iot\OWM6.png","I:\Github\Ultimate-_tarter_Kit_for_Pico_W_PDF\Ultimate-Starter-Kit-for-Pico-W\docs\source\2.Python_Tutorial\img\iot\OWM6.png","93793","PNG","False","89 50 4E 47 0D 0A 1A 0A 00 00 00 0D 49 48 44 52"
"OWM7.png","I:\Github\Ultimate-_tarter_Kit_for_Pico_W_PDF\Ultimate-Starter-Kit-for-Pico-W\docs\source\2.Python_Tutorial\img\iot\OWM7.png","I:\Github\Ultimate-_tarter_Kit_for_Pico_W_PDF\Ultimate-Starter-Kit-for-Pico-W\docs\source\2.Python_Tutorial\img\iot\OWM7.png","62896","PNG","False","89 50 4E 47 0D 0A 1A 0A 00 00 00 0D 49 48 44 52"
"OWM8.png","I:\Github\Ultimate-_tarter_Kit_for_Pico_W_PDF\Ultimate-Starter-Kit-for-Pico-W\docs\source\2.Python_Tutorial\img\iot\OWM8.png","I:\Github\Ultimate-_tarter_Kit_for_Pico_W_PDF\Ultimate-Starter-Kit-for-Pico-W\docs\source\2.Python_Tutorial\img\iot\OWM8.png","81136","PNG","False","89 50 4E 47 0D 0A 1A 0A 00 00 00 0D 49 48 44 52"
"phenomenon1.png","I:\Github\Ultimate-_tarter_Kit_for_Pico_W_PDF\Ultimate-Starter-Kit-for-Pico-W\docs\source\2.Python_Tutorial\img\iot\phenomenon1.png","I:\Github\Ultimate-_tarter_Kit_for_Pico_W_PDF\Ultimate-Starter-Kit-for-Pico-W\docs\source\2.Python_Tutorial\img\iot\phenomenon1.png","12664","PNG","False","89 50 4E 47 0D 0A 1A 0A 00 00 00 0D 49 48 44 52"
"phenomenon2.png","I:\Github\Ultimate-_tarter_Kit_for_Pico_W_PDF\Ultimate-Starter-Kit-for-Pico-W\docs\source\2.Python_Tutorial\img\iot\phenomenon2.png","I:\Github\Ultimate-_tarter_Kit_for_Pico_W_PDF\Ultimate-Starter-Kit-for-Pico-W\docs\source\2.Python_Tutorial\img\iot\phenomenon2.png","108070","PNG","False","89 50 4E 47 0D 0A 1A 0A 00 00 00 0D 49 48 44 52"
"phenomenon3.png","I:\Github\Ultimate-_tarter_Kit_for_Pico_W_PDF\Ultimate-Starter-Kit-for-Pico-W\docs\source\2.Python_Tutorial\img\iot\phenomenon3.png","I:\Github\Ultimate-_tarter_Kit_for_Pico_W_PDF\Ultimate-Starter-Kit-for-Pico-W\docs\source\2.Python_Tutorial\img\iot\phenomenon3.png","48596","PNG","False","89 50 4E 47 0D 0A 1A 0A 00 00 00 0D 49 48 44 52"
"blink_code.png","I:\Github\Ultimate-_tarter_Kit_for_Pico_W_PDF\Ultimate-Starter-Kit-for-Pico-W\docs\source\3.PiperMake_Tutorial\img\blink_code.png","I:\Github\Ultimate-_tarter_Kit_for_Pico_W_PDF\Ultimate-Starter-Kit-for-Pico-W\docs\source\3.PiperMake_Tutorial\img\blink_code.png","12144","WebP","True","52 49 46 46 68 2F 00 00 57 45 42 50 56 50 38 4C"
"ButtonLED_Code.png","I:\Github\Ultimate-_tarter_Kit_for_Pico_W_PDF\Ultimate-Starter-Kit-for-Pico-W\docs\source\3.PiperMake_Tutorial\img\ButtonLED_Code.png","I:\Github\Ultimate-_tarter_Kit_for_Pico_W_PDF\Ultimate-Starter-Kit-for-Pico-W\docs\source\3.PiperMake_Tutorial\img\ButtonLED_Code.png","42449","PNG","False","89 50 4E 47 0D 0A 1A 0A 00 00 00 0D 49 48 44 52"
"ButtonLED_Wiring.png","I:\Github\Ultimate-_tarter_Kit_for_Pico_W_PDF\Ultimate-Starter-Kit-for-Pico-W\docs\source\3.PiperMake_Tutorial\img\ButtonLED_Wiring.png","I:\Github\Ultimate-_tarter_Kit_for_Pico_W_PDF\Ultimate-Starter-Kit-for-Pico-W\docs\source\3.PiperMake_Tutorial\img\ButtonLED_Wiring.png","281069","PNG","False","89 50 4E 47 0D 0A 1A 0A 00 00 00 0D 49 48 44 52"
"DoorBell_Code.png","I:\Github\Ultimate-_tarter_Kit_for_Pico_W_PDF\Ultimate-Starter-Kit-for-Pico-W\docs\source\3.PiperMake_Tutorial\img\DoorBell_Code.png","I:\Github\Ultimate-_tarter_Kit_for_Pico_W_PDF\Ultimate-Starter-Kit-for-Pico-W\docs\source\3.PiperMake_Tutorial\img\DoorBell_Code.png","14750","WebP","True","52 49 46 46 96 39 00 00 57 45 42 50 56 50 38 4C"
"DoorBell_micro_pic.png","I:\Github\Ultimate-_tarter_Kit_for_Pico_W_PDF\Ultimate-Starter-Kit-for-Pico-W\docs\source\3.PiperMake_Tutorial\img\DoorBell_micro_pic.png","I:\Github\Ultimate-_tarter_Kit_for_Pico_W_PDF\Ultimate-Starter-Kit-for-Pico-W\docs\source\3.PiperMake_Tutorial\img\DoorBell_micro_pic.png","7916","WebP","True","52 49 46 46 E4 1E 00 00 57 45 42 50 56 50 38 4C"
"DoorBell_Wiring.png","I:\Github\Ultimate-_tarter_Kit_for_Pico_W_PDF\Ultimate-Starter-Kit-for-Pico-W\docs\source\3.PiperMake_Tutorial\img\DoorBell_Wiring.png","I:\Github\Ultimate-_tarter_Kit_for_Pico_W_PDF\Ultimate-Starter-Kit-for-Pico-W\docs\source\3.PiperMake_Tutorial\img\DoorBell_Wiring.png","291908","WebP","True","52 49 46 46 3C 74 04 00 57 45 42 50 56 50 38 4C"
"Drummer_Code.png","I:\Github\Ultimate-_tarter_Kit_for_Pico_W_PDF\Ultimate-Starter-Kit-for-Pico-W\docs\source\3.PiperMake_Tutorial\img\Drummer_Code.png","I:\Github\Ultimate-_tarter_Kit_for_Pico_W_PDF\Ultimate-Starter-Kit-for-Pico-W\docs\source\3.PiperMake_Tutorial\img\Drummer_Code.png","24480","WebP","True","52 49 46 46 98 5F 00 00 57 45 42 50 56 50 38 4C"
"Drummer_Wiring.png","I:\Github\Ultimate-_tarter_Kit_for_Pico_W_PDF\Ultimate-Starter-Kit-for-Pico-W\docs\source\3.PiperMake_Tutorial\img\Drummer_Wiring.png","I:\Github\Ultimate-_tarter_Kit_for_Pico_W_PDF\Ultimate-Starter-Kit-for-Pico-W\docs\source\3.PiperMake_Tutorial\img\Drummer_Wiring.png","270710","WebP","True","52 49 46 46 6E 21 04 00 57 45 42 50 56 50 38 4C"
"Fan_Code.png","I:\Github\Ultimate-_tarter_Kit_for_Pico_W_PDF\Ultimate-Starter-Kit-for-Pico-W\docs\source\3.PiperMake_Tutorial\img\Fan_Code.png","I:\Github\Ultimate-_tarter_Kit_for_Pico_W_PDF\Ultimate-Starter-Kit-for-Pico-W\docs\source\3.PiperMake_Tutorial\img\Fan_Code.png","70228","WebP","True","52 49 46 46 4C 12 01 00 57 45 42 50 56 50 38 4C"
"Fan_Code2.png","I:\Github\Ultimate-_tarter_Kit_for_Pico_W_PDF\Ultimate-Starter-Kit-for-Pico-W\docs\source\3.PiperMake_Tutorial\img\Fan_Code2.png","I:\Github\Ultimate-_tarter_Kit_for_Pico_W_PDF\Ultimate-Starter-Kit-for-Pico-W\docs\source\3.PiperMake_Tutorial\img\Fan_Code2.png","20142","PNG","False","89 50 4E 47 0D 0A 1A 0A 00 00 00 0D 49 48 44 52"
"Fan_Code3.png","I:\Github\Ultimate-_tarter_Kit_for_Pico_W_PDF\Ultimate-Starter-Kit-for-Pico-W\docs\source\3.PiperMake_Tutorial\img\Fan_Code3.png","I:\Github\Ultimate-_tarter_Kit_for_Pico_W_PDF\Ultimate-Starter-Kit-for-Pico-W\docs\source\3.PiperMake_Tutorial\img\Fan_Code3.png","9032","WebP","True","52 49 46 46 40 23 00 00 57 45 42 50 56 50 38 4C"
"Fan_Code4.png","I:\Github\Ultimate-_tarter_Kit_for_Pico_W_PDF\Ultimate-Starter-Kit-for-Pico-W\docs\source\3.PiperMake_Tutorial\img\Fan_Code4.png","I:\Github\Ultimate-_tarter_Kit_for_Pico_W_PDF\Ultimate-Starter-Kit-for-Pico-W\docs\source\3.PiperMake_Tutorial\img\Fan_Code4.png","33098","WebP","True","52 49 46 46 42 81 00 00 57 45 42 50 56 50 38 4C"
"Fan_Code5.png","I:\Github\Ultimate-_tarter_Kit_for_Pico_W_PDF\Ultimate-Starter-Kit-for-Pico-W\docs\source\3.PiperMake_Tutorial\img\Fan_Code5.png","I:\Github\Ultimate-_tarter_Kit_for_Pico_W_PDF\Ultimate-Starter-Kit-for-Pico-W\docs\source\3.PiperMake_Tutorial\img\Fan_Code5.png","16248","WebP","True","52 49 46 46 70 3F 00 00 57 45 42 50 56 50 38 4C"
"Fan_Wiring.png","I:\Github\Ultimate-_tarter_Kit_for_Pico_W_PDF\Ultimate-Starter-Kit-for-Pico-W\docs\source\3.PiperMake_Tutorial\img\Fan_Wiring.png","I:\Github\Ultimate-_tarter_Kit_for_Pico_W_PDF\Ultimate-Starter-Kit-for-Pico-W\docs\source\3.PiperMake_Tutorial\img\Fan_Wiring.png","147924","WebP","True","52 49 46 46 CC 41 02 00 57 45 42 50 56 50 38 4C"
"Light_Intensity_Code1.png","I:\Github\Ultimate-_tarter_Kit_for_Pico_W_PDF\Ultimate-Starter-Kit-for-Pico-W\docs\source\3.PiperMake_Tutorial\img\Light_Intensity_Code1.png","I:\Github\Ultimate-_tarter_Kit_for_Pico_W_PDF\Ultimate-Starter-Kit-for-Pico-W\docs\source\3.PiperMake_Tutorial\img\Light_Intensity_Code1.png","30186","WebP","True","52 49 46 46 E2 75 00 00 57 45 42 50 56 50 38 4C"
"Light_Intensity_Code2.png","I:\Github\Ultimate-_tarter_Kit_for_Pico_W_PDF\Ultimate-Starter-Kit-for-Pico-W\docs\source\3.PiperMake_Tutorial\img\Light_Intensity_Code2.png","I:\Github\Ultimate-_tarter_Kit_for_Pico_W_PDF\Ultimate-Starter-Kit-for-Pico-W\docs\source\3.PiperMake_Tutorial\img\Light_Intensity_Code2.png","6212","WebP","True","52 49 46 46 3C 18 00 00 57 45 42 50 56 50 38 4C"
"Light_Intensity_Code3.png","I:\Github\Ultimate-_tarter_Kit_for_Pico_W_PDF\Ultimate-Starter-Kit-for-Pico-W\docs\source\3.PiperMake_Tutorial\img\Light_Intensity_Code3.png","I:\Github\Ultimate-_tarter_Kit_for_Pico_W_PDF\Ultimate-Starter-Kit-for-Pico-W\docs\source\3.PiperMake_Tutorial\img\Light_Intensity_Code3.png","32362","PNG","False","89 50 4E 47 0D 0A 1A 0A 00 00 00 0D 49 48 44 52"
"Light_Intensity_Wiring.png","I:\Github\Ultimate-_tarter_Kit_for_Pico_W_PDF\Ultimate-Starter-Kit-for-Pico-W\docs\source\3.PiperMake_Tutorial\img\Light_Intensity_Wiring.png","I:\Github\Ultimate-_tarter_Kit_for_Pico_W_PDF\Ultimate-Starter-Kit-for-Pico-W\docs\source\3.PiperMake_Tutorial\img\Light_Intensity_Wiring.png","472405","PNG","False","89 50 4E 47 0D 0A 1A 0A 00 00 00 0D 49 48 44 52"
"Pet_Code.png","I:\Github\Ultimate-_tarter_Kit_for_Pico_W_PDF\Ultimate-Starter-Kit-for-Pico-W\docs\source\3.PiperMake_Tutorial\img\Pet_Code.png","I:\Github\Ultimate-_tarter_Kit_for_Pico_W_PDF\Ultimate-Starter-Kit-for-Pico-W\docs\source\3.PiperMake_Tutorial\img\Pet_Code.png","44208","WebP","True","52 49 46 46 A8 AC 00 00 57 45 42 50 56 50 38 4C"
"Pet_Code2.png","I:\Github\Ultimate-_tarter_Kit_for_Pico_W_PDF\Ultimate-Starter-Kit-for-Pico-W\docs\source\3.PiperMake_Tutorial\img\Pet_Code2.png","I:\Github\Ultimate-_tarter_Kit_for_Pico_W_PDF\Ultimate-Starter-Kit-for-Pico-W\docs\source\3.PiperMake_Tutorial\img\Pet_Code2.png","8626","WebP","True","52 49 46 46 AA 21 00 00 57 45 42 50 56 50 38 4C"
"Pet_Code3.png","I:\Github\Ultimate-_tarter_Kit_for_Pico_W_PDF\Ultimate-Starter-Kit-for-Pico-W\docs\source\3.PiperMake_Tutorial\img\Pet_Code3.png","I:\Github\Ultimate-_tarter_Kit_for_Pico_W_PDF\Ultimate-Starter-Kit-for-Pico-W\docs\source\3.PiperMake_Tutorial\img\Pet_Code3.png","19818","WebP","True","52 49 46 46 62 4D 00 00 57 45 42 50 56 50 38 4C"
"Pet_Code4.png","I:\Github\Ultimate-_tarter_Kit_for_Pico_W_PDF\Ultimate-Starter-Kit-for-Pico-W\docs\source\3.PiperMake_Tutorial\img\Pet_Code4.png","I:\Github\Ultimate-_tarter_Kit_for_Pico_W_PDF\Ultimate-Starter-Kit-for-Pico-W\docs\source\3.PiperMake_Tutorial\img\Pet_Code4.png","23184","WebP","True","52 49 46 46 88 5A 00 00 57 45 42 50 56 50 38 4C"
"Pet_Wiring.png","I:\Github\Ultimate-_tarter_Kit_for_Pico_W_PDF\Ultimate-Starter-Kit-for-Pico-W\docs\source\3.PiperMake_Tutorial\img\Pet_Wiring.png","I:\Github\Ultimate-_tarter_Kit_for_Pico_W_PDF\Ultimate-Starter-Kit-for-Pico-W\docs\source\3.PiperMake_Tutorial\img\Pet_Wiring.png","206064","WebP","True","52 49 46 46 E8 24 03 00 57 45 42 50 56 50 38 4C"
"Potentiometer_Servo_Code.png","I:\Github\Ultimate-_tarter_Kit_for_Pico_W_PDF\Ultimate-Starter-Kit-for-Pico-W\docs\source\3.PiperMake_Tutorial\img\Potentiometer_Servo_Code.png","I:\Github\Ultimate-_tarter_Kit_for_Pico_W_PDF\Ultimate-Starter-Kit-for-Pico-W\docs\source\3.PiperMake_Tutorial\img\Potentiometer_Servo_Code.png","84656","PNG","False","89 50 4E 47 0D 0A 1A 0A 00 00 00 0D 49 48 44 52"
"Potentiometer_Servo_Code2.png","I:\Github\Ultimate-_tarter_Kit_for_Pico_W_PDF\Ultimate-Starter-Kit-for-Pico-W\docs\source\3.PiperMake_Tutorial\img\Potentiometer_Servo_Code2.png","I:\Github\Ultimate-_tarter_Kit_for_Pico_W_PDF\Ultimate-Starter-Kit-for-Pico-W\docs\source\3.PiperMake_Tutorial\img\Potentiometer_Servo_Code2.png","10094","PNG","False","89 50 4E 47 0D 0A 1A 0A 00 00 00 0D 49 48 44 52"
"Potentiometer_Servo_Code3.png","I:\Github\Ultimate-_tarter_Kit_for_Pico_W_PDF\Ultimate-Starter-Kit-for-Pico-W\docs\source\3.PiperMake_Tutorial\img\Potentiometer_Servo_Code3.png","I:\Github\Ultimate-_tarter_Kit_for_Pico_W_PDF\Ultimate-Starter-Kit-for-Pico-W\docs\source\3.PiperMake_Tutorial\img\Potentiometer_Servo_Code3.png","17276","WebP","True","52 49 46 46 74 43 00 00 57 45 42 50 56 50 38 4C"
"Potentiometer_Servo_Wiring.png","I:\Github\Ultimate-_tarter_Kit_for_Pico_W_PDF\Ultimate-Starter-Kit-for-Pico-W\docs\source\3.PiperMake_Tutorial\img\Potentiometer_Servo_Wiring.png","I:\Github\Ultimate-_tarter_Kit_for_Pico_W_PDF\Ultimate-Starter-Kit-for-Pico-W\docs\source\3.PiperMake_Tutorial\img\Potentiometer_Servo_Wiring.png","199728","WebP","True","52 49 46 46 28 0C 03 00 57 45 42 50 56 50 38 4C"
"Quick_Guide_pipermake1.png","I:\Github\Ultimate-_tarter_Kit_for_Pico_W_PDF\Ultimate-Starter-Kit-for-Pico-W\docs\source\3.PiperMake_Tutorial\img\Quick_Guide_pipermake1.png","I:\Github\Ultimate-_tarter_Kit_for_Pico_W_PDF\Ultimate-Starter-Kit-for-Pico-W\docs\source\3.PiperMake_Tutorial\img\Quick_Guide_pipermake1.png","454694","PNG","False","89 50 4E 47 0D 0A 1A 0A 00 00 00 0D 49 48 44 52"
"Quick_Guide_pipermake10.png","I:\Github\Ultimate-_tarter_Kit_for_Pico_W_PDF\Ultimate-Starter-Kit-for-Pico-W\docs\source\3.PiperMake_Tutorial\img\Quick_Guide_pipermake10.png","I:\Github\Ultimate-_tarter_Kit_for_Pico_W_PDF\Ultimate-Starter-Kit-for-Pico-W\docs\source\3.PiperMake_Tutorial\img\Quick_Guide_pipermake10.png","6186","WebP","True","52 49 46 46 22 18 00 00 57 45 42 50 56 50 38 4C"
"Quick_Guide_pipermake11.png","I:\Github\Ultimate-_tarter_Kit_for_Pico_W_PDF\Ultimate-Starter-Kit-for-Pico-W\docs\source\3.PiperMake_Tutorial\img\Quick_Guide_pipermake11.png","I:\Github\Ultimate-_tarter_Kit_for_Pico_W_PDF\Ultimate-Starter-Kit-for-Pico-W\docs\source\3.PiperMake_Tutorial\img\Quick_Guide_pipermake11.png","35030","WebP","True","52 49 46 46 CE 88 00 00 57 45 42 50 56 50 38 4C"
"Quick_Guide_pipermake2.png","I:\Github\Ultimate-_tarter_Kit_for_Pico_W_PDF\Ultimate-Starter-Kit-for-Pico-W\docs\source\3.PiperMake_Tutorial\img\Quick_Guide_pipermake2.png","I:\Github\Ultimate-_tarter_Kit_for_Pico_W_PDF\Ultimate-Starter-Kit-for-Pico-W\docs\source\3.PiperMake_Tutorial\img\Quick_Guide_pipermake2.png","258093","PNG","False","89 50 4E 47 0D 0A 1A 0A 00 00 00 0D 49 48 44 52"
"Quick_Guide_pipermake3.png","I:\Github\Ultimate-_tarter_Kit_for_Pico_W_PDF\Ultimate-Starter-Kit-for-Pico-W\docs\source\3.PiperMake_Tutorial\img\Quick_Guide_pipermake3.png","I:\Github\Ultimate-_tarter_Kit_for_Pico_W_PDF\Ultimate-Starter-Kit-for-Pico-W\docs\source\3.PiperMake_Tutorial\img\Quick_Guide_pipermake3.png","45378","WebP","True","52 49 46 46 3A B1 00 00 57 45 42 50 56 50 38 4C"
"Quick_Guide_pipermake4.png","I:\Github\Ultimate-_tarter_Kit_for_Pico_W_PDF\Ultimate-Starter-Kit-for-Pico-W\docs\source\3.PiperMake_Tutorial\img\Quick_Guide_pipermake4.png","I:\Github\Ultimate-_tarter_Kit_for_Pico_W_PDF\Ultimate-Starter-Kit-for-Pico-W\docs\source\3.PiperMake_Tutorial\img\Quick_Guide_pipermake4.png","28262","WebP","True","52 49 46 46 5E 6E 00 00 57 45 42 50 56 50 38 4C"
"Quick_Guide_pipermake5.png","I:\Github\Ultimate-_tarter_Kit_for_Pico_W_PDF\Ultimate-Starter-Kit-for-Pico-W\docs\source\3.PiperMake_Tutorial\img\Quick_Guide_pipermake5.png","I:\Github\Ultimate-_tarter_Kit_for_Pico_W_PDF\Ultimate-Starter-Kit-for-Pico-W\docs\source\3.PiperMake_Tutorial\img\Quick_Guide_pipermake5.png","25972","WebP","True","52 49 46 46 6C 65 00 00 57 45 42 50 56 50 38 4C"
"Quick_Guide_pipermake6.png","I:\Github\Ultimate-_tarter_Kit_for_Pico_W_PDF\Ultimate-Starter-Kit-for-Pico-W\docs\source\3.PiperMake_Tutorial\img\Quick_Guide_pipermake6.png","I:\Github\Ultimate-_tarter_Kit_for_Pico_W_PDF\Ultimate-Starter-Kit-for-Pico-W\docs\source\3.PiperMake_Tutorial\img\Quick_Guide_pipermake6.png","30892","WebP","True","52 49 46 46 A4 78 00 00 57 45 42 50 56 50 38 4C"
"Quick_Guide_pipermake7.png","I:\Github\Ultimate-_tarter_Kit_for_Pico_W_PDF\Ultimate-Starter-Kit-for-Pico-W\docs\source\3.PiperMake_Tutorial\img\Quick_Guide_pipermake7.png","I:\Github\Ultimate-_tarter_Kit_for_Pico_W_PDF\Ultimate-Starter-Kit-for-Pico-W\docs\source\3.PiperMake_Tutorial\img\Quick_Guide_pipermake7.png","6241","PNG","False","89 50 4E 47 0D 0A 1A 0A 00 00 00 0D 49 48 44 52"
"Quick_Guide_pipermake8.png","I:\Github\Ultimate-_tarter_Kit_for_Pico_W_PDF\Ultimate-Starter-Kit-for-Pico-W\docs\source\3.PiperMake_Tutorial\img\Quick_Guide_pipermake8.png","I:\Github\Ultimate-_tarter_Kit_for_Pico_W_PDF\Ultimate-Starter-Kit-for-Pico-W\docs\source\3.PiperMake_Tutorial\img\Quick_Guide_pipermake8.png","5096","WebP","True","52 49 46 46 E0 13 00 00 57 45 42 50 56 50 38 4C"
"Quick_Guide_pipermake9.png","I:\Github\Ultimate-_tarter_Kit_for_Pico_W_PDF\Ultimate-Starter-Kit-for-Pico-W\docs\source\3.PiperMake_Tutorial\img\Quick_Guide_pipermake9.png","I:\Github\Ultimate-_tarter_Kit_for_Pico_W_PDF\Ultimate-Starter-Kit-for-Pico-W\docs\source\3.PiperMake_Tutorial\img\Quick_Guide_pipermake9.png","1570","WebP","True","52 49 46 46 1A 06 00 00 57 45 42 50 56 50 38 4C"
"Reaction_Game_Code.png","I:\Github\Ultimate-_tarter_Kit_for_Pico_W_PDF\Ultimate-Starter-Kit-for-Pico-W\docs\source\3.PiperMake_Tutorial\img\Reaction_Game_Code.png","I:\Github\Ultimate-_tarter_Kit_for_Pico_W_PDF\Ultimate-Starter-Kit-for-Pico-W\docs\source\3.PiperMake_Tutorial\img\Reaction_Game_Code.png","109628","PNG","False","89 50 4E 47 0D 0A 1A 0A 00 00 00 0D 49 48 44 52"
"Reaction_Game_Code2.png","I:\Github\Ultimate-_tarter_Kit_for_Pico_W_PDF\Ultimate-Starter-Kit-for-Pico-W\docs\source\3.PiperMake_Tutorial\img\Reaction_Game_Code2.png","I:\Github\Ultimate-_tarter_Kit_for_Pico_W_PDF\Ultimate-Starter-Kit-for-Pico-W\docs\source\3.PiperMake_Tutorial\img\Reaction_Game_Code2.png","22186","WebP","True","52 49 46 46 A2 56 00 00 57 45 42 50 56 50 38 4C"
"Reaction_Game_Code3.png","I:\Github\Ultimate-_tarter_Kit_for_Pico_W_PDF\Ultimate-Starter-Kit-for-Pico-W\docs\source\3.PiperMake_Tutorial\img\Reaction_Game_Code3.png","I:\Github\Ultimate-_tarter_Kit_for_Pico_W_PDF\Ultimate-Starter-Kit-for-Pico-W\docs\source\3.PiperMake_Tutorial\img\Reaction_Game_Code3.png","20336","WebP","True","52 49 46 46 68 4F 00 00 57 45 42 50 56 50 38 4C"
"Reaction_Game_Code4.png","I:\Github\Ultimate-_tarter_Kit_for_Pico_W_PDF\Ultimate-Starter-Kit-for-Pico-W\docs\source\3.PiperMake_Tutorial\img\Reaction_Game_Code4.png","I:\Github\Ultimate-_tarter_Kit_for_Pico_W_PDF\Ultimate-Starter-Kit-for-Pico-W\docs\source\3.PiperMake_Tutorial\img\Reaction_Game_Code4.png","20060","WebP","True","52 49 46 46 54 4E 00 00 57 45 42 50 56 50 38 4C"
"Reaction_Game_Code5.png","I:\Github\Ultimate-_tarter_Kit_for_Pico_W_PDF\Ultimate-Starter-Kit-for-Pico-W\docs\source\3.PiperMake_Tutorial\img\Reaction_Game_Code5.png","I:\Github\Ultimate-_tarter_Kit_for_Pico_W_PDF\Ultimate-Starter-Kit-for-Pico-W\docs\source\3.PiperMake_Tutorial\img\Reaction_Game_Code5.png","14788","WebP","True","52 49 46 46 BC 39 00 00 57 45 42 50 56 50 38 4C"
"Reaction_Game_Code6.png","I:\Github\Ultimate-_tarter_Kit_for_Pico_W_PDF\Ultimate-Starter-Kit-for-Pico-W\docs\source\3.PiperMake_Tutorial\img\Reaction_Game_Code6.png","I:\Github\Ultimate-_tarter_Kit_for_Pico_W_PDF\Ultimate-Starter-Kit-for-Pico-W\docs\source\3.PiperMake_Tutorial\img\Reaction_Game_Code6.png","19664","WebP","True","52 49 46 46 C8 4C 00 00 57 45 42 50 56 50 38 4C"
"Reaction_Game_Wiring.png","I:\Github\Ultimate-_tarter_Kit_for_Pico_W_PDF\Ultimate-Starter-Kit-for-Pico-W\docs\source\3.PiperMake_Tutorial\img\Reaction_Game_Wiring.png","I:\Github\Ultimate-_tarter_Kit_for_Pico_W_PDF\Ultimate-Starter-Kit-for-Pico-W\docs\source\3.PiperMake_Tutorial\img\Reaction_Game_Wiring.png","348804","WebP","True","52 49 46 46 7C 52 05 00 57 45 42 50 56 50 38 4C"
"Reversing_Radar_Code.png","I:\Github\Ultimate-_tarter_Kit_for_Pico_W_PDF\Ultimate-Starter-Kit-for-Pico-W\docs\source\3.PiperMake_Tutorial\img\Reversing_Radar_Code.png","I:\Github\Ultimate-_tarter_Kit_for_Pico_W_PDF\Ultimate-Starter-Kit-for-Pico-W\docs\source\3.PiperMake_Tutorial\img\Reversing_Radar_Code.png","54534","WebP","True","52 49 46 46 FE D4 00 00 57 45 42 50 56 50 38 4C"
"Reversing_Radar_Code2.png","I:\Github\Ultimate-_tarter_Kit_for_Pico_W_PDF\Ultimate-Starter-Kit-for-Pico-W\docs\source\3.PiperMake_Tutorial\img\Reversing_Radar_Code2.png","I:\Github\Ultimate-_tarter_Kit_for_Pico_W_PDF\Ultimate-Starter-Kit-for-Pico-W\docs\source\3.PiperMake_Tutorial\img\Reversing_Radar_Code2.png","15140","WebP","True","52 49 46 46 1C 3B 00 00 57 45 42 50 56 50 38 4C"
"Reversing_Radar_Code3.png","I:\Github\Ultimate-_tarter_Kit_for_Pico_W_PDF\Ultimate-Starter-Kit-for-Pico-W\docs\source\3.PiperMake_Tutorial\img\Reversing_Radar_Code3.png","I:\Github\Ultimate-_tarter_Kit_for_Pico_W_PDF\Ultimate-Starter-Kit-for-Pico-W\docs\source\3.PiperMake_Tutorial\img\Reversing_Radar_Code3.png","18367","PNG","False","89 50 4E 47 0D 0A 1A 0A 00 00 00 0D 49 48 44 52"
"Reversing_Radar_Code4.png","I:\Github\Ultimate-_tarter_Kit_for_Pico_W_PDF\Ultimate-Starter-Kit-for-Pico-W\docs\source\3.PiperMake_Tutorial\img\Reversing_Radar_Code4.png","I:\Github\Ultimate-_tarter_Kit_for_Pico_W_PDF\Ultimate-Starter-Kit-for-Pico-W\docs\source\3.PiperMake_Tutorial\img\Reversing_Radar_Code4.png","14836","WebP","True","52 49 46 46 EC 39 00 00 57 45 42 50 56 50 38 4C"
"Reversing_Radar_Code5.png","I:\Github\Ultimate-_tarter_Kit_for_Pico_W_PDF\Ultimate-Starter-Kit-for-Pico-W\docs\source\3.PiperMake_Tutorial\img\Reversing_Radar_Code5.png","I:\Github\Ultimate-_tarter_Kit_for_Pico_W_PDF\Ultimate-Starter-Kit-for-Pico-W\docs\source\3.PiperMake_Tutorial\img\Reversing_Radar_Code5.png","17378","PNG","False","89 50 4E 47 0D 0A 1A 0A 00 00 00 0D 49 48 44 52"
"Reversing_Radar_Code6.png","I:\Github\Ultimate-_tarter_Kit_for_Pico_W_PDF\Ultimate-Starter-Kit-for-Pico-W\docs\source\3.PiperMake_Tutorial\img\Reversing_Radar_Code6.png","I:\Github\Ultimate-_tarter_Kit_for_Pico_W_PDF\Ultimate-Starter-Kit-for-Pico-W\docs\source\3.PiperMake_Tutorial\img\Reversing_Radar_Code6.png","9390","WebP","True","52 49 46 46 A6 24 00 00 57 45 42 50 56 50 38 4C"
"Reversing_Radar_Wiring.png","I:\Github\Ultimate-_tarter_Kit_for_Pico_W_PDF\Ultimate-Starter-Kit-for-Pico-W\docs\source\3.PiperMake_Tutorial\img\Reversing_Radar_Wiring.png","I:\Github\Ultimate-_tarter_Kit_for_Pico_W_PDF\Ultimate-Starter-Kit-for-Pico-W\docs\source\3.PiperMake_Tutorial\img\Reversing_Radar_Wiring.png","399501","PNG","False","89 50 4E 47 0D 0A 1A 0A 00 00 00 0D 49 48 44 52"
"RGB_Mixing_Code.png","I:\Github\Ultimate-_tarter_Kit_for_Pico_W_PDF\Ultimate-Starter-Kit-for-Pico-W\docs\source\3.PiperMake_Tutorial\img\RGB_Mixing_Code.png","I:\Github\Ultimate-_tarter_Kit_for_Pico_W_PDF\Ultimate-Starter-Kit-for-Pico-W\docs\source\3.PiperMake_Tutorial\img\RGB_Mixing_Code.png","27394","WebP","True","52 49 46 46 FA 6A 00 00 57 45 42 50 56 50 38 4C"
"RGB_Mixing_rgbled.png","I:\Github\Ultimate-_tarter_Kit_for_Pico_W_PDF\Ultimate-Starter-Kit-for-Pico-W\docs\source\3.PiperMake_Tutorial\img\RGB_Mixing_rgbled.png","I:\Github\Ultimate-_tarter_Kit_for_Pico_W_PDF\Ultimate-Starter-Kit-for-Pico-W\docs\source\3.PiperMake_Tutorial\img\RGB_Mixing_rgbled.png","56561","JPEG","True","FF D8 FF E1 00 22 45 78 69 66 00 00 4D 4D 00 2A"
"RGB_Mixing_Wiring.png","I:\Github\Ultimate-_tarter_Kit_for_Pico_W_PDF\Ultimate-Starter-Kit-for-Pico-W\docs\source\3.PiperMake_Tutorial\img\RGB_Mixing_Wiring.png","I:\Github\Ultimate-_tarter_Kit_for_Pico_W_PDF\Ultimate-Starter-Kit-for-Pico-W\docs\source\3.PiperMake_Tutorial\img\RGB_Mixing_Wiring.png","321484","WebP","True","52 49 46 46 C4 E7 04 00 57 45 42 50 56 50 38 4C"
"Save_import_pipermake1.png","I:\Github\Ultimate-_tarter_Kit_for_Pico_W_PDF\Ultimate-Starter-Kit-for-Pico-W\docs\source\3.PiperMake_Tutorial\img\Save_import_pipermake1.png","I:\Github\Ultimate-_tarter_Kit_for_Pico_W_PDF\Ultimate-Starter-Kit-for-Pico-W\docs\source\3.PiperMake_Tutorial\img\Save_import_pipermake1.png","54546","WebP","True","52 49 46 46 0A D5 00 00 57 45 42 50 56 50 38 4C"
"Save_import_pipermake2.png","I:\Github\Ultimate-_tarter_Kit_for_Pico_W_PDF\Ultimate-Starter-Kit-for-Pico-W\docs\source\3.PiperMake_Tutorial\img\Save_import_pipermake2.png","I:\Github\Ultimate-_tarter_Kit_for_Pico_W_PDF\Ultimate-Starter-Kit-for-Pico-W\docs\source\3.PiperMake_Tutorial\img\Save_import_pipermake2.png","24568","WebP","True","52 49 46 46 F0 5F 00 00 57 45 42 50 56 50 38 4C"
"Save_import_pipermake3.png","I:\Github\Ultimate-_tarter_Kit_for_Pico_W_PDF\Ultimate-Starter-Kit-for-Pico-W\docs\source\3.PiperMake_Tutorial\img\Save_import_pipermake3.png","I:\Github\Ultimate-_tarter_Kit_for_Pico_W_PDF\Ultimate-Starter-Kit-for-Pico-W\docs\source\3.PiperMake_Tutorial\img\Save_import_pipermake3.png","19807","PNG","False","89 50 4E 47 0D 0A 1A 0A 00 00 00 0D 49 48 44 52"
"Save_import_pipermake4.png","I:\Github\Ultimate-_tarter_Kit_for_Pico_W_PDF\Ultimate-Starter-Kit-for-Pico-W\docs\source\3.PiperMake_Tutorial\img\Save_import_pipermake4.png","I:\Github\Ultimate-_tarter_Kit_for_Pico_W_PDF\Ultimate-Starter-Kit-for-Pico-W\docs\source\3.PiperMake_Tutorial\img\Save_import_pipermake4.png","17984","PNG","False","89 50 4E 47 0D 0A 1A 0A 00 00 00 0D 49 48 44 52"
"Save_import_pipermake5.png","I:\Github\Ultimate-_tarter_Kit_for_Pico_W_PDF\Ultimate-Starter-Kit-for-Pico-W\docs\source\3.PiperMake_Tutorial\img\Save_import_pipermake5.png","I:\Github\Ultimate-_tarter_Kit_for_Pico_W_PDF\Ultimate-Starter-Kit-for-Pico-W\docs\source\3.PiperMake_Tutorial\img\Save_import_pipermake5.png","49770","WebP","True","52 49 46 46 62 C2 00 00 57 45 42 50 56 50 38 4C"
"setup_pipermake1.png","I:\Github\Ultimate-_tarter_Kit_for_Pico_W_PDF\Ultimate-Starter-Kit-for-Pico-W\docs\source\3.PiperMake_Tutorial\img\setup_pipermake1.png","I:\Github\Ultimate-_tarter_Kit_for_Pico_W_PDF\Ultimate-Starter-Kit-for-Pico-W\docs\source\3.PiperMake_Tutorial\img\setup_pipermake1.png","95634","PNG","False","89 50 4E 47 0D 0A 1A 0A 00 00 00 0D 49 48 44 52"
"setup_pipermake2.png","I:\Github\Ultimate-_tarter_Kit_for_Pico_W_PDF\Ultimate-Starter-Kit-for-Pico-W\docs\source\3.PiperMake_Tutorial\img\setup_pipermake2.png","I:\Github\Ultimate-_tarter_Kit_for_Pico_W_PDF\Ultimate-Starter-Kit-for-Pico-W\docs\source\3.PiperMake_Tutorial\img\setup_pipermake2.png","342694","WebP","True","52 49 46 46 9E 3A 05 00 57 45 42 50 56 50 38 4C"
"setup_pipermake3.png","I:\Github\Ultimate-_tarter_Kit_for_Pico_W_PDF\Ultimate-Starter-Kit-for-Pico-W\docs\source\3.PiperMake_Tutorial\img\setup_pipermake3.png","I:\Github\Ultimate-_tarter_Kit_for_Pico_W_PDF\Ultimate-Starter-Kit-for-Pico-W\docs\source\3.PiperMake_Tutorial\img\setup_pipermake3.png","27620","WebP","True","52 49 46 46 DC 6B 00 00 57 45 42 50 56 50 38 4C"
"setup_pipermake4.png","I:\Github\Ultimate-_tarter_Kit_for_Pico_W_PDF\Ultimate-Starter-Kit-for-Pico-W\docs\source\3.PiperMake_Tutorial\img\setup_pipermake4.png","I:\Github\Ultimate-_tarter_Kit_for_Pico_W_PDF\Ultimate-Starter-Kit-for-Pico-W\docs\source\3.PiperMake_Tutorial\img\setup_pipermake4.png","48048","PNG","False","89 50 4E 47 0D 0A 1A 0A 00 00 00 0D 49 48 44 52"
"setup_pipermake5.png","I:\Github\Ultimate-_tarter_Kit_for_Pico_W_PDF\Ultimate-Starter-Kit-for-Pico-W\docs\source\3.PiperMake_Tutorial\img\setup_pipermake5.png","I:\Github\Ultimate-_tarter_Kit_for_Pico_W_PDF\Ultimate-Starter-Kit-for-Pico-W\docs\source\3.PiperMake_Tutorial\img\setup_pipermake5.png","52705","PNG","False","89 50 4E 47 0D 0A 1A 0A 00 00 00 0D 49 48 44 52"
"setup_pipermake6.png","I:\Github\Ultimate-_tarter_Kit_for_Pico_W_PDF\Ultimate-Starter-Kit-for-Pico-W\docs\source\3.PiperMake_Tutorial\img\setup_pipermake6.png","I:\Github\Ultimate-_tarter_Kit_for_Pico_W_PDF\Ultimate-Starter-Kit-for-Pico-W\docs\source\3.PiperMake_Tutorial\img\setup_pipermake6.png","98176","PNG","False","89 50 4E 47 0D 0A 1A 0A 00 00 00 0D 49 48 44 52"
"setup_pipermake7.png","I:\Github\Ultimate-_tarter_Kit_for_Pico_W_PDF\Ultimate-Starter-Kit-for-Pico-W\docs\source\3.PiperMake_Tutorial\img\setup_pipermake7.png","I:\Github\Ultimate-_tarter_Kit_for_Pico_W_PDF\Ultimate-Starter-Kit-for-Pico-W\docs\source\3.PiperMake_Tutorial\img\setup_pipermake7.png","39490","WebP","True","52 49 46 46 3A 9A 00 00 57 45 42 50 56 50 38 4C"
"setup_pipermake8.png","I:\Github\Ultimate-_tarter_Kit_for_Pico_W_PDF\Ultimate-Starter-Kit-for-Pico-W\docs\source\3.PiperMake_Tutorial\img\setup_pipermake8.png","I:\Github\Ultimate-_tarter_Kit_for_Pico_W_PDF\Ultimate-Starter-Kit-for-Pico-W\docs\source\3.PiperMake_Tutorial\img\setup_pipermake8.png","16722","PNG","False","89 50 4E 47 0D 0A 1A 0A 00 00 00 0D 49 48 44 52"
"Water_Tank_Code.png","I:\Github\Ultimate-_tarter_Kit_for_Pico_W_PDF\Ultimate-Starter-Kit-for-Pico-W\docs\source\3.PiperMake_Tutorial\img\Water_Tank_Code.png","I:\Github\Ultimate-_tarter_Kit_for_Pico_W_PDF\Ultimate-Starter-Kit-for-Pico-W\docs\source\3.PiperMake_Tutorial\img\Water_Tank_Code.png","31796","WebP","True","52 49 46 46 2C 7C 00 00 57 45 42 50 56 50 38 4C"
"Water_Tank_Code2.png","I:\Github\Ultimate-_tarter_Kit_for_Pico_W_PDF\Ultimate-Starter-Kit-for-Pico-W\docs\source\3.PiperMake_Tutorial\img\Water_Tank_Code2.png","I:\Github\Ultimate-_tarter_Kit_for_Pico_W_PDF\Ultimate-Starter-Kit-for-Pico-W\docs\source\3.PiperMake_Tutorial\img\Water_Tank_Code2.png","8720","WebP","True","52 49 46 46 08 22 00 00 57 45 42 50 56 50 38 4C"
"Water_Tank_Code3.png","I:\Github\Ultimate-_tarter_Kit_for_Pico_W_PDF\Ultimate-Starter-Kit-for-Pico-W\docs\source\3.PiperMake_Tutorial\img\Water_Tank_Code3.png","I:\Github\Ultimate-_tarter_Kit_for_Pico_W_PDF\Ultimate-Starter-Kit-for-Pico-W\docs\source\3.PiperMake_Tutorial\img\Water_Tank_Code3.png","9030","WebP","True","52 49 46 46 3E 23 00 00 57 45 42 50 56 50 38 4C"
"Water_Tank_Code4.png","I:\Github\Ultimate-_tarter_Kit_for_Pico_W_PDF\Ultimate-Starter-Kit-for-Pico-W\docs\source\3.PiperMake_Tutorial\img\Water_Tank_Code4.png","I:\Github\Ultimate-_tarter_Kit_for_Pico_W_PDF\Ultimate-Starter-Kit-for-Pico-W\docs\source\3.PiperMake_Tutorial\img\Water_Tank_Code4.png","16700","WebP","True","52 49 46 46 34 41 00 00 57 45 42 50 56 50 38 4C"
"Water_Tank_Wiring.png","I:\Github\Ultimate-_tarter_Kit_for_Pico_W_PDF\Ultimate-Starter-Kit-for-Pico-W\docs\source\3.PiperMake_Tutorial\img\Water_Tank_Wiring.png","I:\Github\Ultimate-_tarter_Kit_for_Pico_W_PDF\Ultimate-Starter-Kit-for-Pico-W\docs\source\3.PiperMake_Tutorial\img\Water_Tank_Wiring.png","86318","WebP","True","52 49 46 46 26 51 01 00 57 45 42 50 56 50 38 4C"
"Water_Tank_Wiring2.png","I:\Github\Ultimate-_tarter_Kit_for_Pico_W_PDF\Ultimate-Starter-Kit-for-Pico-W\docs\source\3.PiperMake_Tutorial\img\Water_Tank_Wiring2.png","I:\Github\Ultimate-_tarter_Kit_for_Pico_W_PDF\Ultimate-Starter-Kit-for-Pico-W\docs\source\3.PiperMake_Tutorial\img\Water_Tank_Wiring2.png","226676","WebP","True","52 49 46 46 6C 75 03 00 57 45 42 50 56 50 38 4C"
"wiring_led.png","I:\Github\Ultimate-_tarter_Kit_for_Pico_W_PDF\Ultimate-Starter-Kit-for-Pico-W\docs\source\3.PiperMake_Tutorial\img\wiring_led.png","I:\Github\Ultimate-_tarter_Kit_for_Pico_W_PDF\Ultimate-Starter-Kit-for-Pico-W\docs\source\3.PiperMake_Tutorial\img\wiring_led.png","220634","WebP","True","52 49 46 46 D2 5D 03 00 57 45 42 50 56 50 38 4C"
"WS2812_Strip_Code.png","I:\Github\Ultimate-_tarter_Kit_for_Pico_W_PDF\Ultimate-Starter-Kit-for-Pico-W\docs\source\3.PiperMake_Tutorial\img\WS2812_Strip_Code.png","I:\Github\Ultimate-_tarter_Kit_for_Pico_W_PDF\Ultimate-Starter-Kit-for-Pico-W\docs\source\3.PiperMake_Tutorial\img\WS2812_Strip_Code.png","43174","WebP","True","52 49 46 46 9E A8 00 00 57 45 42 50 56 50 38 4C"
"WS2812_Strip_Code2.png","I:\Github\Ultimate-_tarter_Kit_for_Pico_W_PDF\Ultimate-Starter-Kit-for-Pico-W\docs\source\3.PiperMake_Tutorial\img\WS2812_Strip_Code2.png","I:\Github\Ultimate-_tarter_Kit_for_Pico_W_PDF\Ultimate-Starter-Kit-for-Pico-W\docs\source\3.PiperMake_Tutorial\img\WS2812_Strip_Code2.png","35392","WebP","True","52 49 46 46 38 8A 00 00 57 45 42 50 56 50 38 4C"
"WS2812_Strip_Code3.png","I:\Github\Ultimate-_tarter_Kit_for_Pico_W_PDF\Ultimate-Starter-Kit-for-Pico-W\docs\source\3.PiperMake_Tutorial\img\WS2812_Strip_Code3.png","I:\Github\Ultimate-_tarter_Kit_for_Pico_W_PDF\Ultimate-Starter-Kit-for-Pico-W\docs\source\3.PiperMake_Tutorial\img\WS2812_Strip_Code3.png","11868","WebP","True","52 49 46 46 54 2E 00 00 57 45 42 50 56 50 38 4C"
"WS2812_Strip_Code4.png","I:\Github\Ultimate-_tarter_Kit_for_Pico_W_PDF\Ultimate-Starter-Kit-for-Pico-W\docs\source\3.PiperMake_Tutorial\img\WS2812_Strip_Code4.png","I:\Github\Ultimate-_tarter_Kit_for_Pico_W_PDF\Ultimate-Starter-Kit-for-Pico-W\docs\source\3.PiperMake_Tutorial\img\WS2812_Strip_Code4.png","16364","WebP","True","52 49 46 46 E4 3F 00 00 57 45 42 50 56 50 38 4C"
"WS2812_Strip_Code5.png","I:\Github\Ultimate-_tarter_Kit_for_Pico_W_PDF\Ultimate-Starter-Kit-for-Pico-W\docs\source\3.PiperMake_Tutorial\img\WS2812_Strip_Code5.png","I:\Github\Ultimate-_tarter_Kit_for_Pico_W_PDF\Ultimate-Starter-Kit-for-Pico-W\docs\source\3.PiperMake_Tutorial\img\WS2812_Strip_Code5.png","19376","WebP","True","52 49 46 46 A8 4B 00 00 57 45 42 50 56 50 38 4C"
"WS2812_Strip_Code6.png","I:\Github\Ultimate-_tarter_Kit_for_Pico_W_PDF\Ultimate-Starter-Kit-for-Pico-W\docs\source\3.PiperMake_Tutorial\img\WS2812_Strip_Code6.png","I:\Github\Ultimate-_tarter_Kit_for_Pico_W_PDF\Ultimate-Starter-Kit-for-Pico-W\docs\source\3.PiperMake_Tutorial\img\WS2812_Strip_Code6.png","21586","WebP","True","52 49 46 46 4A 54 00 00 57 45 42 50 56 50 38 4C"
"WS2812_Strip_Wiring.png","I:\Github\Ultimate-_tarter_Kit_for_Pico_W_PDF\Ultimate-Starter-Kit-for-Pico-W\docs\source\3.PiperMake_Tutorial\img\WS2812_Strip_Wiring.png","I:\Github\Ultimate-_tarter_Kit_for_Pico_W_PDF\Ultimate-Starter-Kit-for-Pico-W\docs\source\3.PiperMake_Tutorial\img\WS2812_Strip_Wiring.png","276368","WebP","True","52 49 46 46 88 37 04 00 57 45 42 50 56 50 38 4C"
"10uf_cap.png","I:\Github\Ultimate-_tarter_Kit_for_Pico_W_PDF\Ultimate-Starter-Kit-for-Pico-W\docs\source\components_Kit\img\10uf_cap.png","I:\Github\Ultimate-_tarter_Kit_for_Pico_W_PDF\Ultimate-Starter-Kit-for-Pico-W\docs\source\components_Kit\img\10uf_cap.png","35271","PNG","False","89 50 4E 47 0D 0A 1A 0A 00 00 00 0D 49 48 44 52"
"2030_speaker.png","I:\Github\Ultimate-_tarter_Kit_for_Pico_W_PDF\Ultimate-Starter-Kit-for-Pico-W\docs\source\components_Kit\img\2030_speaker.png","I:\Github\Ultimate-_tarter_Kit_for_Pico_W_PDF\Ultimate-Starter-Kit-for-Pico-W\docs\source\components_Kit\img\2030_speaker.png","21788","PNG","False","89 50 4E 47 0D 0A 1A 0A 00 00 00 0D 49 48 44 52"
"220ohm.png","I:\Github\Ultimate-_tarter_Kit_for_Pico_W_PDF\Ultimate-Starter-Kit-for-Pico-W\docs\source\components_Kit\img\220ohm.png","I:\Github\Ultimate-_tarter_Kit_for_Pico_W_PDF\Ultimate-Starter-Kit-for-Pico-W\docs\source\components_Kit\img\220ohm.png","80752","JPEG","True","FF D8 FF E1 0E 41 45 78 69 66 00 00 4D 4D 00 2A"
"4_digit_7_segment_display1.png","I:\Github\Ultimate-_tarter_Kit_for_Pico_W_PDF\Ultimate-Starter-Kit-for-Pico-W\docs\source\components_Kit\img\4_digit_7_segment_display1.png","I:\Github\Ultimate-_tarter_Kit_for_Pico_W_PDF\Ultimate-Starter-Kit-for-Pico-W\docs\source\components_Kit\img\4_digit_7_segment_display1.png","66334","WebP","True","52 49 46 46 16 03 01 00 57 45 42 50 56 50 38 4C"
"4_digit_7_segment_display2.png","I:\Github\Ultimate-_tarter_Kit_for_Pico_W_PDF\Ultimate-Starter-Kit-for-Pico-W\docs\source\components_Kit\img\4_digit_7_segment_display2.png","I:\Github\Ultimate-_tarter_Kit_for_Pico_W_PDF\Ultimate-Starter-Kit-for-Pico-W\docs\source\components_Kit\img\4_digit_7_segment_display2.png","12080","WebP","True","52 49 46 46 28 2F 00 00 57 45 42 50 56 50 38 4C"
"74HC595_1.png","I:\Github\Ultimate-_tarter_Kit_for_Pico_W_PDF\Ultimate-Starter-Kit-for-Pico-W\docs\source\components_Kit\img\74HC595_1.png","I:\Github\Ultimate-_tarter_Kit_for_Pico_W_PDF\Ultimate-Starter-Kit-for-Pico-W\docs\source\components_Kit\img\74HC595_1.png","40512","WebP","True","52 49 46 46 38 9E 00 00 57 45 42 50 56 50 38 4C"
"74hc595_2.png","I:\Github\Ultimate-_tarter_Kit_for_Pico_W_PDF\Ultimate-Starter-Kit-for-Pico-W\docs\source\components_Kit\img\74hc595_2.png","I:\Github\Ultimate-_tarter_Kit_for_Pico_W_PDF\Ultimate-Starter-Kit-for-Pico-W\docs\source\components_Kit\img\74hc595_2.png","89748","PNG","False","89 50 4E 47 0D 0A 1A 0A 00 00 00 0D 49 48 44 52"
"7_segment1.png","I:\Github\Ultimate-_tarter_Kit_for_Pico_W_PDF\Ultimate-Starter-Kit-for-Pico-W\docs\source\components_Kit\img\7_segment1.png","I:\Github\Ultimate-_tarter_Kit_for_Pico_W_PDF\Ultimate-Starter-Kit-for-Pico-W\docs\source\components_Kit\img\7_segment1.png","92840","WebP","True","52 49 46 46 A0 6A 01 00 57 45 42 50 56 50 38 4C"
"7_segment2.png","I:\Github\Ultimate-_tarter_Kit_for_Pico_W_PDF\Ultimate-Starter-Kit-for-Pico-W\docs\source\components_Kit\img\7_segment2.png","I:\Github\Ultimate-_tarter_Kit_for_Pico_W_PDF\Ultimate-Starter-Kit-for-Pico-W\docs\source\components_Kit\img\7_segment2.png","124118","WebP","True","52 49 46 46 CE E4 01 00 57 45 42 50 56 50 38 4C"
"audio_cable_pic2.png","I:\Github\Ultimate-_tarter_Kit_for_Pico_W_PDF\Ultimate-Starter-Kit-for-Pico-W\docs\source\components_Kit\img\audio_cable_pic2.png","I:\Github\Ultimate-_tarter_Kit_for_Pico_W_PDF\Ultimate-Starter-Kit-for-Pico-W\docs\source\components_Kit\img\audio_cable_pic2.png","226118","PNG","False","89 50 4E 47 0D 0A 1A 0A 00 00 00 0D 49 48 44 52"
"audio_module.png","I:\Github\Ultimate-_tarter_Kit_for_Pico_W_PDF\Ultimate-Starter-Kit-for-Pico-W\docs\source\components_Kit\img\audio_module.png","I:\Github\Ultimate-_tarter_Kit_for_Pico_W_PDF\Ultimate-Starter-Kit-for-Pico-W\docs\source\components_Kit\img\audio_module.png","320923","JPEG","True","FF D8 FF E1 1A DC 45 78 69 66 00 00 4D 4D 00 2A"
"back_lcd1602.png","I:\Github\Ultimate-_tarter_Kit_for_Pico_W_PDF\Ultimate-Starter-Kit-for-Pico-W\docs\source\components_Kit\img\back_lcd1602.png","I:\Github\Ultimate-_tarter_Kit_for_Pico_W_PDF\Ultimate-Starter-Kit-for-Pico-W\docs\source\components_Kit\img\back_lcd1602.png","311771","JPEG","True","FF D8 FF E1 19 6A 45 78 69 66 00 00 4D 4D 00 2A"
"breadboard.png","I:\Github\Ultimate-_tarter_Kit_for_Pico_W_PDF\Ultimate-Starter-Kit-for-Pico-W\docs\source\components_Kit\img\breadboard.png","I:\Github\Ultimate-_tarter_Kit_for_Pico_W_PDF\Ultimate-Starter-Kit-for-Pico-W\docs\source\components_Kit\img\breadboard.png","145007","PNG","False","89 50 4E 47 0D 0A 1A 0A 00 00 00 0D 49 48 44 52"
"breadboard_internal.png","I:\Github\Ultimate-_tarter_Kit_for_Pico_W_PDF\Ultimate-Starter-Kit-for-Pico-W\docs\source\components_Kit\img\breadboard_internal.png","I:\Github\Ultimate-_tarter_Kit_for_Pico_W_PDF\Ultimate-Starter-Kit-for-Pico-W\docs\source\components_Kit\img\breadboard_internal.png","135574","PNG","False","89 50 4E 47 0D 0A 1A 0A 00 00 00 0D 49 48 44 52"
"breadboard_internal1.png","I:\Github\Ultimate-_tarter_Kit_for_Pico_W_PDF\Ultimate-Starter-Kit-for-Pico-W\docs\source\components_Kit\img\breadboard_internal1.png","I:\Github\Ultimate-_tarter_Kit_for_Pico_W_PDF\Ultimate-Starter-Kit-for-Pico-W\docs\source\components_Kit\img\breadboard_internal1.png","49509","PNG","False","89 50 4E 47 0D 0A 1A 0A 00 00 00 0D 49 48 44 52"
"button.png","I:\Github\Ultimate-_tarter_Kit_for_Pico_W_PDF\Ultimate-Starter-Kit-for-Pico-W\docs\source\components_Kit\img\button.png","I:\Github\Ultimate-_tarter_Kit_for_Pico_W_PDF\Ultimate-Starter-Kit-for-Pico-W\docs\source\components_Kit\img\button.png","1092965","PNG","False","89 50 4E 47 0D 0A 1A 0A 00 00 00 0D 49 48 44 52"
"button3.png","I:\Github\Ultimate-_tarter_Kit_for_Pico_W_PDF\Ultimate-Starter-Kit-for-Pico-W\docs\source\components_Kit\img\button3.png","I:\Github\Ultimate-_tarter_Kit_for_Pico_W_PDF\Ultimate-Starter-Kit-for-Pico-W\docs\source\components_Kit\img\button3.png","192812","PNG","False","89 50 4E 47 0D 0A 1A 0A 00 00 00 0D 49 48 44 52"
"button_symbol.png","I:\Github\Ultimate-_tarter_Kit_for_Pico_W_PDF\Ultimate-Starter-Kit-for-Pico-W\docs\source\components_Kit\img\button_symbol.png","I:\Github\Ultimate-_tarter_Kit_for_Pico_W_PDF\Ultimate-Starter-Kit-for-Pico-W\docs\source\components_Kit\img\button_symbol.png","19527","PNG","False","89 50 4E 47 0D 0A 1A 0A 00 00 00 0D 49 48 44 52"
"buzzer1.png","I:\Github\Ultimate-_tarter_Kit_for_Pico_W_PDF\Ultimate-Starter-Kit-for-Pico-W\docs\source\components_Kit\img\buzzer1.png","I:\Github\Ultimate-_tarter_Kit_for_Pico_W_PDF\Ultimate-Starter-Kit-for-Pico-W\docs\source\components_Kit\img\buzzer1.png","109463","PNG","False","89 50 4E 47 0D 0A 1A 0A 00 00 00 0D 49 48 44 52"
"buzzer2.png","I:\Github\Ultimate-_tarter_Kit_for_Pico_W_PDF\Ultimate-Starter-Kit-for-Pico-W\docs\source\components_Kit\img\buzzer2.png","I:\Github\Ultimate-_tarter_Kit_for_Pico_W_PDF\Ultimate-Starter-Kit-for-Pico-W\docs\source\components_Kit\img\buzzer2.png","206881","PNG","False","89 50 4E 47 0D 0A 1A 0A 00 00 00 0D 49 48 44 52"
"buzzer_symbol.png","I:\Github\Ultimate-_tarter_Kit_for_Pico_W_PDF\Ultimate-Starter-Kit-for-Pico-W\docs\source\components_Kit\img\buzzer_symbol.png","I:\Github\Ultimate-_tarter_Kit_for_Pico_W_PDF\Ultimate-Starter-Kit-for-Pico-W\docs\source\components_Kit\img\buzzer_symbol.png","11526","PNG","False","89 50 4E 47 0D 0A 1A 0A 00 00 00 0D 49 48 44 52"
"capacitor.png","I:\Github\Ultimate-_tarter_Kit_for_Pico_W_PDF\Ultimate-Starter-Kit-for-Pico-W\docs\source\components_Kit\img\capacitor.png","I:\Github\Ultimate-_tarter_Kit_for_Pico_W_PDF\Ultimate-Starter-Kit-for-Pico-W\docs\source\components_Kit\img\capacitor.png","48151","PNG","False","89 50 4E 47 0D 0A 1A 0A 00 00 00 0D 49 48 44 52"
"common_anode.png","I:\Github\Ultimate-_tarter_Kit_for_Pico_W_PDF\Ultimate-Starter-Kit-for-Pico-W\docs\source\components_Kit\img\common_anode.png","I:\Github\Ultimate-_tarter_Kit_for_Pico_W_PDF\Ultimate-Starter-Kit-for-Pico-W\docs\source\components_Kit\img\common_anode.png","41186","PNG","False","89 50 4E 47 0D 0A 1A 0A 00 00 00 0D 49 48 44 52"
"Dht11.png","I:\Github\Ultimate-_tarter_Kit_for_Pico_W_PDF\Ultimate-Starter-Kit-for-Pico-W\docs\source\components_Kit\img\Dht11.png","I:\Github\Ultimate-_tarter_Kit_for_Pico_W_PDF\Ultimate-Starter-Kit-for-Pico-W\docs\source\components_Kit\img\Dht11.png","65172","PNG","False","89 50 4E 47 0D 0A 1A 0A 00 00 00 0D 49 48 44 52"
"dht11_pic.png","I:\Github\Ultimate-_tarter_Kit_for_Pico_W_PDF\Ultimate-Starter-Kit-for-Pico-W\docs\source\components_Kit\img\dht11_pic.png","I:\Github\Ultimate-_tarter_Kit_for_Pico_W_PDF\Ultimate-Starter-Kit-for-Pico-W\docs\source\components_Kit\img\dht11_pic.png","54318","PNG","False","89 50 4E 47 0D 0A 1A 0A 00 00 00 0D 49 48 44 52"
"Diodes-symbol.png","I:\Github\Ultimate-_tarter_Kit_for_Pico_W_PDF\Ultimate-Starter-Kit-for-Pico-W\docs\source\components_Kit\img\Diodes-symbol.png","I:\Github\Ultimate-_tarter_Kit_for_Pico_W_PDF\Ultimate-Starter-Kit-for-Pico-W\docs\source\components_Kit\img\Diodes-symbol.png","6041","PNG","False","89 50 4E 47 0D 0A 1A 0A 00 00 00 0D 49 48 44 52"
"Dot_Matrix1.png","I:\Github\Ultimate-_tarter_Kit_for_Pico_W_PDF\Ultimate-Starter-Kit-for-Pico-W\docs\source\components_Kit\img\Dot_Matrix1.png","I:\Github\Ultimate-_tarter_Kit_for_Pico_W_PDF\Ultimate-Starter-Kit-for-Pico-W\docs\source\components_Kit\img\Dot_Matrix1.png","103538","PNG","False","89 50 4E 47 0D 0A 1A 0A 00 00 00 0D 49 48 44 52"
"Dot_Matrix2.png","I:\Github\Ultimate-_tarter_Kit_for_Pico_W_PDF\Ultimate-Starter-Kit-for-Pico-W\docs\source\components_Kit\img\Dot_Matrix2.png","I:\Github\Ultimate-_tarter_Kit_for_Pico_W_PDF\Ultimate-Starter-Kit-for-Pico-W\docs\source\components_Kit\img\Dot_Matrix2.png","17969","PNG","False","89 50 4E 47 0D 0A 1A 0A 00 00 00 0D 49 48 44 52"
"Dot_Matrix3.png","I:\Github\Ultimate-_tarter_Kit_for_Pico_W_PDF\Ultimate-Starter-Kit-for-Pico-W\docs\source\components_Kit\img\Dot_Matrix3.png","I:\Github\Ultimate-_tarter_Kit_for_Pico_W_PDF\Ultimate-Starter-Kit-for-Pico-W\docs\source\components_Kit\img\Dot_Matrix3.png","19974","WebP","True","52 49 46 46 FE 4D 00 00 57 45 42 50 56 50 38 4C"
"Dot_Matrix4.png","I:\Github\Ultimate-_tarter_Kit_for_Pico_W_PDF\Ultimate-Starter-Kit-for-Pico-W\docs\source\components_Kit\img\Dot_Matrix4.png","I:\Github\Ultimate-_tarter_Kit_for_Pico_W_PDF\Ultimate-Starter-Kit-for-Pico-W\docs\source\components_Kit\img\Dot_Matrix4.png","7844","WebP","True","52 49 46 46 9C 1E 00 00 57 45 42 50 56 50 38 4C"
"ebc.png","I:\Github\Ultimate-_tarter_Kit_for_Pico_W_PDF\Ultimate-Starter-Kit-for-Pico-W\docs\source\components_Kit\img\ebc.png","I:\Github\Ultimate-_tarter_Kit_for_Pico_W_PDF\Ultimate-Starter-Kit-for-Pico-W\docs\source\components_Kit\img\ebc.png","43666","PNG","False","89 50 4E 47 0D 0A 1A 0A 00 00 00 0D 49 48 44 52"
"i2c_address.png","I:\Github\Ultimate-_tarter_Kit_for_Pico_W_PDF\Ultimate-Starter-Kit-for-Pico-W\docs\source\components_Kit\img\i2c_address.png","I:\Github\Ultimate-_tarter_Kit_for_Pico_W_PDF\Ultimate-Starter-Kit-for-Pico-W\docs\source\components_Kit\img\i2c_address.png","168868","JPEG","True","FF D8 FF E1 19 E6 45 78 69 66 00 00 4D 4D 00 2A"
"i2c_lcd1602.png","I:\Github\Ultimate-_tarter_Kit_for_Pico_W_PDF\Ultimate-Starter-Kit-for-Pico-W\docs\source\components_Kit\img\i2c_lcd1602.png","I:\Github\Ultimate-_tarter_Kit_for_Pico_W_PDF\Ultimate-Starter-Kit-for-Pico-W\docs\source\components_Kit\img\i2c_lcd1602.png","602920","WebP","True","52 49 46 46 20 33 09 00 57 45 42 50 56 50 38 4C"
"in4007_diode.png","I:\Github\Ultimate-_tarter_Kit_for_Pico_W_PDF\Ultimate-Starter-Kit-for-Pico-W\docs\source\components_Kit\img\in4007_diode.png","I:\Github\Ultimate-_tarter_Kit_for_Pico_W_PDF\Ultimate-Starter-Kit-for-Pico-W\docs\source\components_Kit\img\in4007_diode.png","17940","PNG","False","89 50 4E 47 0D 0A 1A 0A 00 00 00 0D 49 48 44 52"
"IR1.png","I:\Github\Ultimate-_tarter_Kit_for_Pico_W_PDF\Ultimate-Starter-Kit-for-Pico-W\docs\source\components_Kit\img\IR1.png","I:\Github\Ultimate-_tarter_Kit_for_Pico_W_PDF\Ultimate-Starter-Kit-for-Pico-W\docs\source\components_Kit\img\IR1.png","68874","PNG","False","89 50 4E 47 0D 0A 1A 0A 00 00 00 0D 49 48 44 52"
"joystick318.png","I:\Github\Ultimate-_tarter_Kit_for_Pico_W_PDF\Ultimate-Starter-Kit-for-Pico-W\docs\source\components_Kit\img\joystick318.png","I:\Github\Ultimate-_tarter_Kit_for_Pico_W_PDF\Ultimate-Starter-Kit-for-Pico-W\docs\source\components_Kit\img\joystick318.png","109701","PNG","False","89 50 4E 47 0D 0A 1A 0A 00 00 00 0D 49 48 44 52"
"joystick_pic.png","I:\Github\Ultimate-_tarter_Kit_for_Pico_W_PDF\Ultimate-Starter-Kit-for-Pico-W\docs\source\components_Kit\img\joystick_pic.png","I:\Github\Ultimate-_tarter_Kit_for_Pico_W_PDF\Ultimate-Starter-Kit-for-Pico-W\docs\source\components_Kit\img\joystick_pic.png","637047","PNG","False","89 50 4E 47 0D 0A 1A 0A 00 00 00 0D 49 48 44 52"
"Jumper_Wires.png","I:\Github\Ultimate-_tarter_Kit_for_Pico_W_PDF\Ultimate-Starter-Kit-for-Pico-W\docs\source\components_Kit\img\Jumper_Wires.png","I:\Github\Ultimate-_tarter_Kit_for_Pico_W_PDF\Ultimate-Starter-Kit-for-Pico-W\docs\source\components_Kit\img\Jumper_Wires.png","42159","PNG","False","89 50 4E 47 0D 0A 1A 0A 00 00 00 0D 49 48 44 52"
"keypad.png","I:\Github\Ultimate-_tarter_Kit_for_Pico_W_PDF\Ultimate-Starter-Kit-for-Pico-W\docs\source\components_Kit\img\keypad.png","I:\Github\Ultimate-_tarter_Kit_for_Pico_W_PDF\Ultimate-Starter-Kit-for-Pico-W\docs\source\components_Kit\img\keypad.png","246504","WebP","True","52 49 46 46 E0 C2 03 00 57 45 42 50 56 50 38 4C"
"LED.png","I:\Github\Ultimate-_tarter_Kit_for_Pico_W_PDF\Ultimate-Starter-Kit-for-Pico-W\docs\source\components_Kit\img\LED.png","I:\Github\Ultimate-_tarter_Kit_for_Pico_W_PDF\Ultimate-Starter-Kit-for-Pico-W\docs\source\components_Kit\img\LED.png","70870","PNG","False","89 50 4E 47 0D 0A 1A 0A 00 00 00 0D 49 48 44 52"
"led_bar_graph.png","I:\Github\Ultimate-_tarter_Kit_for_Pico_W_PDF\Ultimate-Starter-Kit-for-Pico-W\docs\source\components_Kit\img\led_bar_graph.png","I:\Github\Ultimate-_tarter_Kit_for_Pico_W_PDF\Ultimate-Starter-Kit-for-Pico-W\docs\source\components_Kit\img\led_bar_graph.png","118000","WebP","True","52 49 46 46 E8 CC 01 00 57 45 42 50 56 50 38 4C"
"led_bar_pin.png","I:\Github\Ultimate-_tarter_Kit_for_Pico_W_PDF\Ultimate-Starter-Kit-for-Pico-W\docs\source\components_Kit\img\led_bar_pin.png","I:\Github\Ultimate-_tarter_Kit_for_Pico_W_PDF\Ultimate-Starter-Kit-for-Pico-W\docs\source\components_Kit\img\led_bar_pin.png","6258","WebP","True","52 49 46 46 6A 18 00 00 57 45 42 50 56 50 38 4C"
"led_bar_sche1.png","I:\Github\Ultimate-_tarter_Kit_for_Pico_W_PDF\Ultimate-Starter-Kit-for-Pico-W\docs\source\components_Kit\img\led_bar_sche1.png","I:\Github\Ultimate-_tarter_Kit_for_Pico_W_PDF\Ultimate-Starter-Kit-for-Pico-W\docs\source\components_Kit\img\led_bar_sche1.png","4508","WebP","True","52 49 46 46 94 11 00 00 57 45 42 50 56 50 38 4C"
"led_strip1.png","I:\Github\Ultimate-_tarter_Kit_for_Pico_W_PDF\Ultimate-Starter-Kit-for-Pico-W\docs\source\components_Kit\img\led_strip1.png","I:\Github\Ultimate-_tarter_Kit_for_Pico_W_PDF\Ultimate-Starter-Kit-for-Pico-W\docs\source\components_Kit\img\led_strip1.png","48342","PNG","False","89 50 4E 47 0D 0A 1A 0A 00 00 00 0D 49 48 44 52"
"led_symbol.png","I:\Github\Ultimate-_tarter_Kit_for_Pico_W_PDF\Ultimate-Starter-Kit-for-Pico-W\docs\source\components_Kit\img\led_symbol.png","I:\Github\Ultimate-_tarter_Kit_for_Pico_W_PDF\Ultimate-Starter-Kit-for-Pico-W\docs\source\components_Kit\img\led_symbol.png","5737","PNG","False","89 50 4E 47 0D 0A 1A 0A 00 00 00 0D 49 48 44 52"
"lipo_charger_module1.png","I:\Github\Ultimate-_tarter_Kit_for_Pico_W_PDF\Ultimate-Starter-Kit-for-Pico-W\docs\source\components_Kit\img\lipo_charger_module1.png","I:\Github\Ultimate-_tarter_Kit_for_Pico_W_PDF\Ultimate-Starter-Kit-for-Pico-W\docs\source\components_Kit\img\lipo_charger_module1.png","144299","PNG","False","89 50 4E 47 0D 0A 1A 0A 00 00 00 0D 49 48 44 52"
"lipo_charger_module2.png","I:\Github\Ultimate-_tarter_Kit_for_Pico_W_PDF\Ultimate-Starter-Kit-for-Pico-W\docs\source\components_Kit\img\lipo_charger_module2.png","I:\Github\Ultimate-_tarter_Kit_for_Pico_W_PDF\Ultimate-Starter-Kit-for-Pico-W\docs\source\components_Kit\img\lipo_charger_module2.png","80615","JPEG","True","FF D8 FF E0 00 10 4A 46 49 46 00 01 01 00 00 01"
"mfrc522.png","I:\Github\Ultimate-_tarter_Kit_for_Pico_W_PDF\Ultimate-Starter-Kit-for-Pico-W\docs\source\components_Kit\img\mfrc522.png","I:\Github\Ultimate-_tarter_Kit_for_Pico_W_PDF\Ultimate-Starter-Kit-for-Pico-W\docs\source\components_Kit\img\mfrc522.png","98580","WebP","True","52 49 46 46 0C 81 01 00 57 45 42 50 56 50 38 4C"
"micro_switch1.png","I:\Github\Ultimate-_tarter_Kit_for_Pico_W_PDF\Ultimate-Starter-Kit-for-Pico-W\docs\source\components_Kit\img\micro_switch1.png","I:\Github\Ultimate-_tarter_Kit_for_Pico_W_PDF\Ultimate-Starter-Kit-for-Pico-W\docs\source\components_Kit\img\micro_switch1.png","38250","JPEG","True","FF D8 FF E0 00 10 4A 46 49 46 00 01 01 00 00 01"
"micro_switch2.png","I:\Github\Ultimate-_tarter_Kit_for_Pico_W_PDF\Ultimate-Starter-Kit-for-Pico-W\docs\source\components_Kit\img\micro_switch2.png","I:\Github\Ultimate-_tarter_Kit_for_Pico_W_PDF\Ultimate-Starter-Kit-for-Pico-W\docs\source\components_Kit\img\micro_switch2.png","85359","PNG","False","89 50 4E 47 0D 0A 1A 0A 00 00 00 0D 49 48 44 52"
"micro_switch3.png","I:\Github\Ultimate-_tarter_Kit_for_Pico_W_PDF\Ultimate-Starter-Kit-for-Pico-W\docs\source\components_Kit\img\micro_switch3.png","I:\Github\Ultimate-_tarter_Kit_for_Pico_W_PDF\Ultimate-Starter-Kit-for-Pico-W\docs\source\components_Kit\img\micro_switch3.png","64787","PNG","False","89 50 4E 47 0D 0A 1A 0A 00 00 00 0D 49 48 44 52"
"motor1.png","I:\Github\Ultimate-_tarter_Kit_for_Pico_W_PDF\Ultimate-Starter-Kit-for-Pico-W\docs\source\components_Kit\img\motor1.png","I:\Github\Ultimate-_tarter_Kit_for_Pico_W_PDF\Ultimate-Starter-Kit-for-Pico-W\docs\source\components_Kit\img\motor1.png","457899","PNG","False","89 50 4E 47 0D 0A 1A 0A 00 00 00 0D 49 48 44 52"
"motor2.png","I:\Github\Ultimate-_tarter_Kit_for_Pico_W_PDF\Ultimate-Starter-Kit-for-Pico-W\docs\source\components_Kit\img\motor2.png","I:\Github\Ultimate-_tarter_Kit_for_Pico_W_PDF\Ultimate-Starter-Kit-for-Pico-W\docs\source\components_Kit\img\motor2.png","121620","WebP","True","52 49 46 46 0C DB 01 00 57 45 42 50 56 50 38 4C"
"mpr121_1.png","I:\Github\Ultimate-_tarter_Kit_for_Pico_W_PDF\Ultimate-Starter-Kit-for-Pico-W\docs\source\components_Kit\img\mpr121_1.png","I:\Github\Ultimate-_tarter_Kit_for_Pico_W_PDF\Ultimate-Starter-Kit-for-Pico-W\docs\source\components_Kit\img\mpr121_1.png","251712","WebP","True","52 49 46 46 38 D7 03 00 57 45 42 50 56 50 38 4C"
"mpu6050-1.png","I:\Github\Ultimate-_tarter_Kit_for_Pico_W_PDF\Ultimate-Starter-Kit-for-Pico-W\docs\source\components_Kit\img\mpu6050-1.png","I:\Github\Ultimate-_tarter_Kit_for_Pico_W_PDF\Ultimate-Starter-Kit-for-Pico-W\docs\source\components_Kit\img\mpu6050-1.png","108242","WebP","True","52 49 46 46 CA A6 01 00 57 45 42 50 56 50 38 4C"
"mpu6050-2.png","I:\Github\Ultimate-_tarter_Kit_for_Pico_W_PDF\Ultimate-Starter-Kit-for-Pico-W\docs\source\components_Kit\img\mpu6050-2.png","I:\Github\Ultimate-_tarter_Kit_for_Pico_W_PDF\Ultimate-Starter-Kit-for-Pico-W\docs\source\components_Kit\img\mpu6050-2.png","24496","WebP","True","52 49 46 46 A8 5F 00 00 57 45 42 50 56 50 38 4C"
"mpu6050-3.png","I:\Github\Ultimate-_tarter_Kit_for_Pico_W_PDF\Ultimate-Starter-Kit-for-Pico-W\docs\source\components_Kit\img\mpu6050-3.png","I:\Github\Ultimate-_tarter_Kit_for_Pico_W_PDF\Ultimate-Starter-Kit-for-Pico-W\docs\source\components_Kit\img\mpu6050-3.png","46582","WebP","True","52 49 46 46 EE B5 00 00 57 45 42 50 56 50 38 4C"
"mpu6050-4.png","I:\Github\Ultimate-_tarter_Kit_for_Pico_W_PDF\Ultimate-Starter-Kit-for-Pico-W\docs\source\components_Kit\img\mpu6050-4.png","I:\Github\Ultimate-_tarter_Kit_for_Pico_W_PDF\Ultimate-Starter-Kit-for-Pico-W\docs\source\components_Kit\img\mpu6050-4.png","36980","WebP","True","52 49 46 46 6C 90 00 00 57 45 42 50 56 50 38 4C"
"npn_pnp.png","I:\Github\Ultimate-_tarter_Kit_for_Pico_W_PDF\Ultimate-Starter-Kit-for-Pico-W\docs\source\components_Kit\img\npn_pnp.png","I:\Github\Ultimate-_tarter_Kit_for_Pico_W_PDF\Ultimate-Starter-Kit-for-Pico-W\docs\source\components_Kit\img\npn_pnp.png","70068","PNG","False","89 50 4E 47 0D 0A 1A 0A 00 00 00 0D 49 48 44 52"
"oled.png","I:\Github\Ultimate-_tarter_Kit_for_Pico_W_PDF\Ultimate-Starter-Kit-for-Pico-W\docs\source\components_Kit\img\oled.png","I:\Github\Ultimate-_tarter_Kit_for_Pico_W_PDF\Ultimate-Starter-Kit-for-Pico-W\docs\source\components_Kit\img\oled.png","2248447","PNG","False","89 50 4E 47 0D 0A 1A 0A 00 00 00 0D 49 48 44 52"
"photoresistor.png","I:\Github\Ultimate-_tarter_Kit_for_Pico_W_PDF\Ultimate-Starter-Kit-for-Pico-W\docs\source\components_Kit\img\photoresistor.png","I:\Github\Ultimate-_tarter_Kit_for_Pico_W_PDF\Ultimate-Starter-Kit-for-Pico-W\docs\source\components_Kit\img\photoresistor.png","34277","PNG","False","89 50 4E 47 0D 0A 1A 0A 00 00 00 0D 49 48 44 52"
"photoresistor_symbol.png","I:\Github\Ultimate-_tarter_Kit_for_Pico_W_PDF\Ultimate-Starter-Kit-for-Pico-W\docs\source\components_Kit\img\photoresistor_symbol.png","I:\Github\Ultimate-_tarter_Kit_for_Pico_W_PDF\Ultimate-Starter-Kit-for-Pico-W\docs\source\components_Kit\img\photoresistor_symbol.png","23714","PNG","False","89 50 4E 47 0D 0A 1A 0A 00 00 00 0D 49 48 44 52"
"Pinnacle-Discrete Diode Rectifier-Taxonomy.png","I:\Github\Ultimate-_tarter_Kit_for_Pico_W_PDF\Ultimate-Starter-Kit-for-Pico-W\docs\source\components_Kit\img\Pinnacle-Discrete Diode Rectifier-Taxonomy.png","I:\Github\Ultimate-_tarter_Kit_for_Pico_W_PDF\Ultimate-Starter-Kit-for-Pico-W\docs\source\components_Kit\img\Pinnacle-Discrete Diode Rectifier-Taxonomy.png","4793","PNG","False","89 50 4E 47 0D 0A 1A 0A 00 00 00 0D 49 48 44 52"
"pir.png","I:\Github\Ultimate-_tarter_Kit_for_Pico_W_PDF\Ultimate-Starter-Kit-for-Pico-W\docs\source\components_Kit\img\pir.png","I:\Github\Ultimate-_tarter_Kit_for_Pico_W_PDF\Ultimate-Starter-Kit-for-Pico-W\docs\source\components_Kit\img\pir.png","44596","PNG","False","89 50 4E 47 0D 0A 1A 0A 00 00 00 0D 49 48 44 52"
"PIR2.png","I:\Github\Ultimate-_tarter_Kit_for_Pico_W_PDF\Ultimate-Starter-Kit-for-Pico-W\docs\source\components_Kit\img\PIR2.png","I:\Github\Ultimate-_tarter_Kit_for_Pico_W_PDF\Ultimate-Starter-Kit-for-Pico-W\docs\source\components_Kit\img\PIR2.png","19143","JPEG","True","FF D8 FF E0 00 10 4A 46 49 46 00 01 01 00 00 01"
"PIR3.png","I:\Github\Ultimate-_tarter_Kit_for_Pico_W_PDF\Ultimate-Starter-Kit-for-Pico-W\docs\source\components_Kit\img\PIR3.png","I:\Github\Ultimate-_tarter_Kit_for_Pico_W_PDF\Ultimate-Starter-Kit-for-Pico-W\docs\source\components_Kit\img\PIR3.png","6903","JPEG","True","FF D8 FF E0 00 10 4A 46 49 46 00 01 01 00 00 01"
"pir4.png","I:\Github\Ultimate-_tarter_Kit_for_Pico_W_PDF\Ultimate-Starter-Kit-for-Pico-W\docs\source\components_Kit\img\pir4.png","I:\Github\Ultimate-_tarter_Kit_for_Pico_W_PDF\Ultimate-Starter-Kit-for-Pico-W\docs\source\components_Kit\img\pir4.png","120815","PNG","False","89 50 4E 47 0D 0A 1A 0A 00 00 00 0D 49 48 44 52"
"pir5.png","I:\Github\Ultimate-_tarter_Kit_for_Pico_W_PDF\Ultimate-Starter-Kit-for-Pico-W\docs\source\components_Kit\img\pir5.png","I:\Github\Ultimate-_tarter_Kit_for_Pico_W_PDF\Ultimate-Starter-Kit-for-Pico-W\docs\source\components_Kit\img\pir5.png","293697","PNG","False","89 50 4E 47 0D 0A 1A 0A 00 00 00 0D 49 48 44 52"
"pir_back.png","I:\Github\Ultimate-_tarter_Kit_for_Pico_W_PDF\Ultimate-Starter-Kit-for-Pico-W\docs\source\components_Kit\img\pir_back.png","I:\Github\Ultimate-_tarter_Kit_for_Pico_W_PDF\Ultimate-Starter-Kit-for-Pico-W\docs\source\components_Kit\img\pir_back.png","120815","PNG","False","89 50 4E 47 0D 0A 1A 0A 00 00 00 0D 49 48 44 52"
"pir_pic.png","I:\Github\Ultimate-_tarter_Kit_for_Pico_W_PDF\Ultimate-Starter-Kit-for-Pico-W\docs\source\components_Kit\img\pir_pic.png","I:\Github\Ultimate-_tarter_Kit_for_Pico_W_PDF\Ultimate-Starter-Kit-for-Pico-W\docs\source\components_Kit\img\pir_pic.png","155159","PNG","False","89 50 4E 47 0D 0A 1A 0A 00 00 00 0D 49 48 44 52"
"potentiometer.png","I:\Github\Ultimate-_tarter_Kit_for_Pico_W_PDF\Ultimate-Starter-Kit-for-Pico-W\docs\source\components_Kit\img\potentiometer.png","I:\Github\Ultimate-_tarter_Kit_for_Pico_W_PDF\Ultimate-Starter-Kit-for-Pico-W\docs\source\components_Kit\img\potentiometer.png","158425","PNG","False","89 50 4E 47 0D 0A 1A 0A 00 00 00 0D 49 48 44 52"
"potentiometer_symbol.png","I:\Github\Ultimate-_tarter_Kit_for_Pico_W_PDF\Ultimate-Starter-Kit-for-Pico-W\docs\source\components_Kit\img\potentiometer_symbol.png","I:\Github\Ultimate-_tarter_Kit_for_Pico_W_PDF\Ultimate-Starter-Kit-for-Pico-W\docs\source\components_Kit\img\potentiometer_symbol.png","17245","PNG","False","89 50 4E 47 0D 0A 1A 0A 00 00 00 0D 49 48 44 52"
"pump1.png","I:\Github\Ultimate-_tarter_Kit_for_Pico_W_PDF\Ultimate-Starter-Kit-for-Pico-W\docs\source\components_Kit\img\pump1.png","I:\Github\Ultimate-_tarter_Kit_for_Pico_W_PDF\Ultimate-Starter-Kit-for-Pico-W\docs\source\components_Kit\img\pump1.png","567995","PNG","False","89 50 4E 47 0D 0A 1A 0A 00 00 00 0D 49 48 44 52"
"rectifier_symbol.png","I:\Github\Ultimate-_tarter_Kit_for_Pico_W_PDF\Ultimate-Starter-Kit-for-Pico-W\docs\source\components_Kit\img\rectifier_symbol.png","I:\Github\Ultimate-_tarter_Kit_for_Pico_W_PDF\Ultimate-Starter-Kit-for-Pico-W\docs\source\components_Kit\img\rectifier_symbol.png","9131","PNG","False","89 50 4E 47 0D 0A 1A 0A 00 00 00 0D 49 48 44 52"
"reed1.png","I:\Github\Ultimate-_tarter_Kit_for_Pico_W_PDF\Ultimate-Starter-Kit-for-Pico-W\docs\source\components_Kit\img\reed1.png","I:\Github\Ultimate-_tarter_Kit_for_Pico_W_PDF\Ultimate-Starter-Kit-for-Pico-W\docs\source\components_Kit\img\reed1.png","12680","PNG","False","89 50 4E 47 0D 0A 1A 0A 00 00 00 0D 49 48 44 52"
"reed2.png","I:\Github\Ultimate-_tarter_Kit_for_Pico_W_PDF\Ultimate-Starter-Kit-for-Pico-W\docs\source\components_Kit\img\reed2.png","I:\Github\Ultimate-_tarter_Kit_for_Pico_W_PDF\Ultimate-Starter-Kit-for-Pico-W\docs\source\components_Kit\img\reed2.png","11754","WebP","True","52 49 46 46 E2 2D 00 00 57 45 42 50 56 50 38 4C"
"reed3.png","I:\Github\Ultimate-_tarter_Kit_for_Pico_W_PDF\Ultimate-Starter-Kit-for-Pico-W\docs\source\components_Kit\img\reed3.png","I:\Github\Ultimate-_tarter_Kit_for_Pico_W_PDF\Ultimate-Starter-Kit-for-Pico-W\docs\source\components_Kit\img\reed3.png","78056","JPEG","True","FF D8 FF E1 0F 86 45 78 69 66 00 00 4D 4D 00 2A"
"relay1.png","I:\Github\Ultimate-_tarter_Kit_for_Pico_W_PDF\Ultimate-Starter-Kit-for-Pico-W\docs\source\components_Kit\img\relay1.png","I:\Github\Ultimate-_tarter_Kit_for_Pico_W_PDF\Ultimate-Starter-Kit-for-Pico-W\docs\source\components_Kit\img\relay1.png","61620","JPEG","True","FF D8 FF EE 00 21 41 64 6F 62 65 00 64 40 00 00"
"relay2.png","I:\Github\Ultimate-_tarter_Kit_for_Pico_W_PDF\Ultimate-Starter-Kit-for-Pico-W\docs\source\components_Kit\img\relay2.png","I:\Github\Ultimate-_tarter_Kit_for_Pico_W_PDF\Ultimate-Starter-Kit-for-Pico-W\docs\source\components_Kit\img\relay2.png","138351","JPEG","True","FF D8 FF E1 11 25 45 78 69 66 00 00 4D 4D 00 2A"
"relay3.png","I:\Github\Ultimate-_tarter_Kit_for_Pico_W_PDF\Ultimate-Starter-Kit-for-Pico-W\docs\source\components_Kit\img\relay3.png","I:\Github\Ultimate-_tarter_Kit_for_Pico_W_PDF\Ultimate-Starter-Kit-for-Pico-W\docs\source\components_Kit\img\relay3.png","36372","PNG","False","89 50 4E 47 0D 0A 1A 0A 00 00 00 0D 49 48 44 52"
"relay_1.png","I:\Github\Ultimate-_tarter_Kit_for_Pico_W_PDF\Ultimate-Starter-Kit-for-Pico-W\docs\source\components_Kit\img\relay_1.png","I:\Github\Ultimate-_tarter_Kit_for_Pico_W_PDF\Ultimate-Starter-Kit-for-Pico-W\docs\source\components_Kit\img\relay_1.png","24169","PNG","False","89 50 4E 47 0D 0A 1A 0A 00 00 00 0D 49 48 44 52"
"relay_2.png","I:\Github\Ultimate-_tarter_Kit_for_Pico_W_PDF\Ultimate-Starter-Kit-for-Pico-W\docs\source\components_Kit\img\relay_2.png","I:\Github\Ultimate-_tarter_Kit_for_Pico_W_PDF\Ultimate-Starter-Kit-for-Pico-W\docs\source\components_Kit\img\relay_2.png","350894","PNG","False","89 50 4E 47 0D 0A 1A 0A 00 00 00 0D 49 48 44 52"
"relay_3.png","I:\Github\Ultimate-_tarter_Kit_for_Pico_W_PDF\Ultimate-Starter-Kit-for-Pico-W\docs\source\components_Kit\img\relay_3.png","I:\Github\Ultimate-_tarter_Kit_for_Pico_W_PDF\Ultimate-Starter-Kit-for-Pico-W\docs\source\components_Kit\img\relay_3.png","436476","PNG","False","89 50 4E 47 0D 0A 1A 0A 00 00 00 0D 49 48 44 52"
"relay_4.png","I:\Github\Ultimate-_tarter_Kit_for_Pico_W_PDF\Ultimate-Starter-Kit-for-Pico-W\docs\source\components_Kit\img\relay_4.png","I:\Github\Ultimate-_tarter_Kit_for_Pico_W_PDF\Ultimate-Starter-Kit-for-Pico-W\docs\source\components_Kit\img\relay_4.png","360373","PNG","False","89 50 4E 47 0D 0A 1A 0A 00 00 00 0D 49 48 44 52"
"resistance_card.png","I:\Github\Ultimate-_tarter_Kit_for_Pico_W_PDF\Ultimate-Starter-Kit-for-Pico-W\docs\source\components_Kit\img\resistance_card.png","I:\Github\Ultimate-_tarter_Kit_for_Pico_W_PDF\Ultimate-Starter-Kit-for-Pico-W\docs\source\components_Kit\img\resistance_card.png","376637","PNG","False","89 50 4E 47 0D 0A 1A 0A 00 00 00 0D 49 48 44 52"
"resistor.png","I:\Github\Ultimate-_tarter_Kit_for_Pico_W_PDF\Ultimate-Starter-Kit-for-Pico-W\docs\source\components_Kit\img\resistor.png","I:\Github\Ultimate-_tarter_Kit_for_Pico_W_PDF\Ultimate-Starter-Kit-for-Pico-W\docs\source\components_Kit\img\resistor.png","10519","PNG","False","89 50 4E 47 0D 0A 1A 0A 00 00 00 0D 49 48 44 52"
"resistor_symbol.png","I:\Github\Ultimate-_tarter_Kit_for_Pico_W_PDF\Ultimate-Starter-Kit-for-Pico-W\docs\source\components_Kit\img\resistor_symbol.png","I:\Github\Ultimate-_tarter_Kit_for_Pico_W_PDF\Ultimate-Starter-Kit-for-Pico-W\docs\source\components_Kit\img\resistor_symbol.png","5795","PNG","False","89 50 4E 47 0D 0A 1A 0A 00 00 00 0D 49 48 44 52"
"rgb_led.png","I:\Github\Ultimate-_tarter_Kit_for_Pico_W_PDF\Ultimate-Starter-Kit-for-Pico-W\docs\source\components_Kit\img\rgb_led.png","I:\Github\Ultimate-_tarter_Kit_for_Pico_W_PDF\Ultimate-Starter-Kit-for-Pico-W\docs\source\components_Kit\img\rgb_led.png","23766","PNG","False","89 50 4E 47 0D 0A 1A 0A 00 00 00 0D 49 48 44 52"
"rgb_light.png","I:\Github\Ultimate-_tarter_Kit_for_Pico_W_PDF\Ultimate-Starter-Kit-for-Pico-W\docs\source\components_Kit\img\rgb_light.png","I:\Github\Ultimate-_tarter_Kit_for_Pico_W_PDF\Ultimate-Starter-Kit-for-Pico-W\docs\source\components_Kit\img\rgb_light.png","328943","PNG","False","89 50 4E 47 0D 0A 1A 0A 00 00 00 0D 49 48 44 52"
"rgb_pin.png","I:\Github\Ultimate-_tarter_Kit_for_Pico_W_PDF\Ultimate-Starter-Kit-for-Pico-W\docs\source\components_Kit\img\rgb_pin.png","I:\Github\Ultimate-_tarter_Kit_for_Pico_W_PDF\Ultimate-Starter-Kit-for-Pico-W\docs\source\components_Kit\img\rgb_pin.png","85296","JPEG","True","FF D8 FF E1 0E 71 45 78 69 66 00 00 4D 4D 00 2A"
"rgb_symbol.png","I:\Github\Ultimate-_tarter_Kit_for_Pico_W_PDF\Ultimate-Starter-Kit-for-Pico-W\docs\source\components_Kit\img\rgb_symbol.png","I:\Github\Ultimate-_tarter_Kit_for_Pico_W_PDF\Ultimate-Starter-Kit-for-Pico-W\docs\source\components_Kit\img\rgb_symbol.png","12966","PNG","False","89 50 4E 47 0D 0A 1A 0A 00 00 00 0D 49 48 44 52"
"servo1.png","I:\Github\Ultimate-_tarter_Kit_for_Pico_W_PDF\Ultimate-Starter-Kit-for-Pico-W\docs\source\components_Kit\img\servo1.png","I:\Github\Ultimate-_tarter_Kit_for_Pico_W_PDF\Ultimate-Starter-Kit-for-Pico-W\docs\source\components_Kit\img\servo1.png","70128","WebP","True","52 49 46 46 E8 11 01 00 57 45 42 50 56 50 38 4C"
"servo2.png","I:\Github\Ultimate-_tarter_Kit_for_Pico_W_PDF\Ultimate-Starter-Kit-for-Pico-W\docs\source\components_Kit\img\servo2.png","I:\Github\Ultimate-_tarter_Kit_for_Pico_W_PDF\Ultimate-Starter-Kit-for-Pico-W\docs\source\components_Kit\img\servo2.png","18800","WebP","True","52 49 46 46 68 49 00 00 57 45 42 50 56 50 38 4C"
"servo3.png","I:\Github\Ultimate-_tarter_Kit_for_Pico_W_PDF\Ultimate-Starter-Kit-for-Pico-W\docs\source\components_Kit\img\servo3.png","I:\Github\Ultimate-_tarter_Kit_for_Pico_W_PDF\Ultimate-Starter-Kit-for-Pico-W\docs\source\components_Kit\img\servo3.png","31224","WebP","True","52 49 46 46 F0 79 00 00 57 45 42 50 56 50 38 4C"
"slide_switch1.png","I:\Github\Ultimate-_tarter_Kit_for_Pico_W_PDF\Ultimate-Starter-Kit-for-Pico-W\docs\source\components_Kit\img\slide_switch1.png","I:\Github\Ultimate-_tarter_Kit_for_Pico_W_PDF\Ultimate-Starter-Kit-for-Pico-W\docs\source\components_Kit\img\slide_switch1.png","16326","WebP","True","52 49 46 46 BE 3F 00 00 57 45 42 50 56 50 38 4C"
"slide_switch2.png","I:\Github\Ultimate-_tarter_Kit_for_Pico_W_PDF\Ultimate-Starter-Kit-for-Pico-W\docs\source\components_Kit\img\slide_switch2.png","I:\Github\Ultimate-_tarter_Kit_for_Pico_W_PDF\Ultimate-Starter-Kit-for-Pico-W\docs\source\components_Kit\img\slide_switch2.png","23036","PNG","False","89 50 4E 47 0D 0A 1A 0A 00 00 00 0D 49 48 44 52"
"slide_switch3.png","I:\Github\Ultimate-_tarter_Kit_for_Pico_W_PDF\Ultimate-Starter-Kit-for-Pico-W\docs\source\components_Kit\img\slide_switch3.png","I:\Github\Ultimate-_tarter_Kit_for_Pico_W_PDF\Ultimate-Starter-Kit-for-Pico-W\docs\source\components_Kit\img\slide_switch3.png","14046","PNG","False","89 50 4E 47 0D 0A 1A 0A 00 00 00 0D 49 48 44 52"
"speaker_pic.png","I:\Github\Ultimate-_tarter_Kit_for_Pico_W_PDF\Ultimate-Starter-Kit-for-Pico-W\docs\source\components_Kit\img\speaker_pic.png","I:\Github\Ultimate-_tarter_Kit_for_Pico_W_PDF\Ultimate-Starter-Kit-for-Pico-W\docs\source\components_Kit\img\speaker_pic.png","291759","PNG","False","89 50 4E 47 0D 0A 1A 0A 00 00 00 0D 49 48 44 52"
"symbol-zener-diode.png","I:\Github\Ultimate-_tarter_Kit_for_Pico_W_PDF\Ultimate-Starter-Kit-for-Pico-W\docs\source\components_Kit\img\symbol-zener-diode.png","I:\Github\Ultimate-_tarter_Kit_for_Pico_W_PDF\Ultimate-Starter-Kit-for-Pico-W\docs\source\components_Kit\img\symbol-zener-diode.png","21477","JPEG","True","FF D8 FF E1 0B D2 45 78 69 66 00 00 4D 4D 00 2A"
"symbol_rectifier_diode.png","I:\Github\Ultimate-_tarter_Kit_for_Pico_W_PDF\Ultimate-Starter-Kit-for-Pico-W\docs\source\components_Kit\img\symbol_rectifier_diode.png","I:\Github\Ultimate-_tarter_Kit_for_Pico_W_PDF\Ultimate-Starter-Kit-for-Pico-W\docs\source\components_Kit\img\symbol_rectifier_diode.png","16889","PNG","False","89 50 4E 47 0D 0A 1A 0A 00 00 00 0D 49 48 44 52"
"ta6586_1.png","I:\Github\Ultimate-_tarter_Kit_for_Pico_W_PDF\Ultimate-Starter-Kit-for-Pico-W\docs\source\components_Kit\img\ta6586_1.png","I:\Github\Ultimate-_tarter_Kit_for_Pico_W_PDF\Ultimate-Starter-Kit-for-Pico-W\docs\source\components_Kit\img\ta6586_1.png","30056","WebP","True","52 49 46 46 60 75 00 00 57 45 42 50 56 50 38 4C"
"ta6586_2.png","I:\Github\Ultimate-_tarter_Kit_for_Pico_W_PDF\Ultimate-Starter-Kit-for-Pico-W\docs\source\components_Kit\img\ta6586_2.png","I:\Github\Ultimate-_tarter_Kit_for_Pico_W_PDF\Ultimate-Starter-Kit-for-Pico-W\docs\source\components_Kit\img\ta6586_2.png","35458","WebP","True","52 49 46 46 7A 8A 00 00 57 45 42 50 56 50 38 4C"
"ta6586_3.png","I:\Github\Ultimate-_tarter_Kit_for_Pico_W_PDF\Ultimate-Starter-Kit-for-Pico-W\docs\source\components_Kit\img\ta6586_3.png","I:\Github\Ultimate-_tarter_Kit_for_Pico_W_PDF\Ultimate-Starter-Kit-for-Pico-W\docs\source\components_Kit\img\ta6586_3.png","14146","PNG","False","89 50 4E 47 0D 0A 1A 0A 00 00 00 0D 49 48 44 52"
"thermistor.png","I:\Github\Ultimate-_tarter_Kit_for_Pico_W_PDF\Ultimate-Starter-Kit-for-Pico-W\docs\source\components_Kit\img\thermistor.png","I:\Github\Ultimate-_tarter_Kit_for_Pico_W_PDF\Ultimate-Starter-Kit-for-Pico-W\docs\source\components_Kit\img\thermistor.png","35918","PNG","False","89 50 4E 47 0D 0A 1A 0A 00 00 00 0D 49 48 44 52"
"thermistor_symbol.png","I:\Github\Ultimate-_tarter_Kit_for_Pico_W_PDF\Ultimate-Starter-Kit-for-Pico-W\docs\source\components_Kit\img\thermistor_symbol.png","I:\Github\Ultimate-_tarter_Kit_for_Pico_W_PDF\Ultimate-Starter-Kit-for-Pico-W\docs\source\components_Kit\img\thermistor_symbol.png","30163","PNG","False","89 50 4E 47 0D 0A 1A 0A 00 00 00 0D 49 48 44 52"
"tilt_switch.png","I:\Github\Ultimate-_tarter_Kit_for_Pico_W_PDF\Ultimate-Starter-Kit-for-Pico-W\docs\source\components_Kit\img\tilt_switch.png","I:\Github\Ultimate-_tarter_Kit_for_Pico_W_PDF\Ultimate-Starter-Kit-for-Pico-W\docs\source\components_Kit\img\tilt_switch.png","22992","PNG","False","89 50 4E 47 0D 0A 1A 0A 00 00 00 0D 49 48 44 52"
"tilt_symbol.png","I:\Github\Ultimate-_tarter_Kit_for_Pico_W_PDF\Ultimate-Starter-Kit-for-Pico-W\docs\source\components_Kit\img\tilt_symbol.png","I:\Github\Ultimate-_tarter_Kit_for_Pico_W_PDF\Ultimate-Starter-Kit-for-Pico-W\docs\source\components_Kit\img\tilt_symbol.png","150406","PNG","False","89 50 4E 47 0D 0A 1A 0A 00 00 00 0D 49 48 44 52"
"transistor.png","I:\Github\Ultimate-_tarter_Kit_for_Pico_W_PDF\Ultimate-Starter-Kit-for-Pico-W\docs\source\components_Kit\img\transistor.png","I:\Github\Ultimate-_tarter_Kit_for_Pico_W_PDF\Ultimate-Starter-Kit-for-Pico-W\docs\source\components_Kit\img\transistor.png","108635","PNG","False","89 50 4E 47 0D 0A 1A 0A 00 00 00 0D 49 48 44 52"
"transistor_symbol.png","I:\Github\Ultimate-_tarter_Kit_for_Pico_W_PDF\Ultimate-Starter-Kit-for-Pico-W\docs\source\components_Kit\img\transistor_symbol.png","I:\Github\Ultimate-_tarter_Kit_for_Pico_W_PDF\Ultimate-Starter-Kit-for-Pico-W\docs\source\components_Kit\img\transistor_symbol.png","98850","PNG","False","89 50 4E 47 0D 0A 1A 0A 00 00 00 0D 49 48 44 52"
"ultrasonic1.png","I:\Github\Ultimate-_tarter_Kit_for_Pico_W_PDF\Ultimate-Starter-Kit-for-Pico-W\docs\source\components_Kit\img\ultrasonic1.png","I:\Github\Ultimate-_tarter_Kit_for_Pico_W_PDF\Ultimate-Starter-Kit-for-Pico-W\docs\source\components_Kit\img\ultrasonic1.png","117084","WebP","True","52 49 46 46 54 C9 01 00 57 45 42 50 56 50 38 4C"
"ultrasonic2.png","I:\Github\Ultimate-_tarter_Kit_for_Pico_W_PDF\Ultimate-Starter-Kit-for-Pico-W\docs\source\components_Kit\img\ultrasonic2.png","I:\Github\Ultimate-_tarter_Kit_for_Pico_W_PDF\Ultimate-Starter-Kit-for-Pico-W\docs\source\components_Kit\img\ultrasonic2.png","328277","JPEG","True","FF D8 FF E1 00 22 45 78 69 66 00 00 4D 4D 00 2A"
"unor4.png","I:\Github\Ultimate-_tarter_Kit_for_Pico_W_PDF\Ultimate-Starter-Kit-for-Pico-W\docs\source\components_Kit\img\unor4.png","I:\Github\Ultimate-_tarter_Kit_for_Pico_W_PDF\Ultimate-Starter-Kit-for-Pico-W\docs\source\components_Kit\img\unor4.png","141342","JPEG","True","FF D8 FF E1 00 BC 45 78 69 66 00 00 49 49 2A 00"
"unor4_wifi_pinout.png","I:\Github\Ultimate-_tarter_Kit_for_Pico_W_PDF\Ultimate-Starter-Kit-for-Pico-W\docs\source\components_Kit\img\unor4_wifi_pinout.png","I:\Github\Ultimate-_tarter_Kit_for_Pico_W_PDF\Ultimate-Starter-Kit-for-Pico-W\docs\source\components_Kit\img\unor4_wifi_pinout.png","468780","PNG","False","89 50 4E 47 0D 0A 1A 0A 00 00 00 0D 49 48 44 52"
"water_level_module1.png","I:\Github\Ultimate-_tarter_Kit_for_Pico_W_PDF\Ultimate-Starter-Kit-for-Pico-W\docs\source\components_Kit\img\water_level_module1.png","I:\Github\Ultimate-_tarter_Kit_for_Pico_W_PDF\Ultimate-Starter-Kit-for-Pico-W\docs\source\components_Kit\img\water_level_module1.png","1343412","WebP","True","52 49 46 46 AC 7F 14 00 57 45 42 50 56 50 38 4C"
"download_code.png","I:\Github\Ultimate-_tarter_Kit_for_Pico_W_PDF\Ultimate-Starter-Kit-for-Pico-W\docs\source\preparation\img\download_code.png","I:\Github\Ultimate-_tarter_Kit_for_Pico_W_PDF\Ultimate-Starter-Kit-for-Pico-W\docs\source\preparation\img\download_code.png","99548","PNG","False","89 50 4E 47 0D 0A 1A 0A 00 00 00 0D 49 48 44 52"
"unzip.png","I:\Github\Ultimate-_tarter_Kit_for_Pico_W_PDF\Ultimate-Starter-Kit-for-Pico-W\docs\source\preparation\img\unzip.png","I:\Github\Ultimate-_tarter_Kit_for_Pico_W_PDF\Ultimate-Starter-Kit-for-Pico-W\docs\source\preparation\img\unzip.png","1287","PNG","False","89 50 4E 47 0D 0A 1A 0A 00 00 00 0D 49 48 44 52"
"board_ins1.png","I:\Github\Ultimate-_tarter_Kit_for_Pico_W_PDF\Ultimate-Starter-Kit-for-Pico-W\docs\source\preparation\img\C_preparation\board_ins1.png","I:\Github\Ultimate-_tarter_Kit_for_Pico_W_PDF\Ultimate-Starter-Kit-for-Pico-W\docs\source\preparation\img\C_preparation\board_ins1.png","48941","PNG","False","89 50 4E 47 0D 0A 1A 0A 00 00 00 0D 49 48 44 52"
"board_ins2.png","I:\Github\Ultimate-_tarter_Kit_for_Pico_W_PDF\Ultimate-Starter-Kit-for-Pico-W\docs\source\preparation\img\C_preparation\board_ins2.png","I:\Github\Ultimate-_tarter_Kit_for_Pico_W_PDF\Ultimate-Starter-Kit-for-Pico-W\docs\source\preparation\img\C_preparation\board_ins2.png","6026","WebP","True","52 49 46 46 82 17 00 00 57 45 42 50 56 50 38 4C"
"board_ins5.png","I:\Github\Ultimate-_tarter_Kit_for_Pico_W_PDF\Ultimate-Starter-Kit-for-Pico-W\docs\source\preparation\img\C_preparation\board_ins5.png","I:\Github\Ultimate-_tarter_Kit_for_Pico_W_PDF\Ultimate-Starter-Kit-for-Pico-W\docs\source\preparation\img\C_preparation\board_ins5.png","48569","PNG","False","89 50 4E 47 0D 0A 1A 0A 00 00 00 0D 49 48 44 52"
"driver_10.png","I:\Github\Ultimate-_tarter_Kit_for_Pico_W_PDF\Ultimate-Starter-Kit-for-Pico-W\docs\source\preparation\img\C_preparation\driver_10.png","I:\Github\Ultimate-_tarter_Kit_for_Pico_W_PDF\Ultimate-Starter-Kit-for-Pico-W\docs\source\preparation\img\C_preparation\driver_10.png","6999","PNG","False","89 50 4E 47 0D 0A 1A 0A 00 00 00 0D 49 48 44 52"
"driver_11.png","I:\Github\Ultimate-_tarter_Kit_for_Pico_W_PDF\Ultimate-Starter-Kit-for-Pico-W\docs\source\preparation\img\C_preparation\driver_11.png","I:\Github\Ultimate-_tarter_Kit_for_Pico_W_PDF\Ultimate-Starter-Kit-for-Pico-W\docs\source\preparation\img\C_preparation\driver_11.png","6348","PNG","False","89 50 4E 47 0D 0A 1A 0A 00 00 00 0D 49 48 44 52"
"driver_12.png","I:\Github\Ultimate-_tarter_Kit_for_Pico_W_PDF\Ultimate-Starter-Kit-for-Pico-W\docs\source\preparation\img\C_preparation\driver_12.png","I:\Github\Ultimate-_tarter_Kit_for_Pico_W_PDF\Ultimate-Starter-Kit-for-Pico-W\docs\source\preparation\img\C_preparation\driver_12.png","10703","PNG","False","89 50 4E 47 0D 0A 1A 0A 00 00 00 0D 49 48 44 52"
"driver_13.png","I:\Github\Ultimate-_tarter_Kit_for_Pico_W_PDF\Ultimate-Starter-Kit-for-Pico-W\docs\source\preparation\img\C_preparation\driver_13.png","I:\Github\Ultimate-_tarter_Kit_for_Pico_W_PDF\Ultimate-Starter-Kit-for-Pico-W\docs\source\preparation\img\C_preparation\driver_13.png","191563","PNG","False","89 50 4E 47 0D 0A 1A 0A 00 00 00 0D 49 48 44 52"
"driver_14.png","I:\Github\Ultimate-_tarter_Kit_for_Pico_W_PDF\Ultimate-Starter-Kit-for-Pico-W\docs\source\preparation\img\C_preparation\driver_14.png","I:\Github\Ultimate-_tarter_Kit_for_Pico_W_PDF\Ultimate-Starter-Kit-for-Pico-W\docs\source\preparation\img\C_preparation\driver_14.png","91247","PNG","False","89 50 4E 47 0D 0A 1A 0A 00 00 00 0D 49 48 44 52"
"driver_15.png","I:\Github\Ultimate-_tarter_Kit_for_Pico_W_PDF\Ultimate-Starter-Kit-for-Pico-W\docs\source\preparation\img\C_preparation\driver_15.png","I:\Github\Ultimate-_tarter_Kit_for_Pico_W_PDF\Ultimate-Starter-Kit-for-Pico-W\docs\source\preparation\img\C_preparation\driver_15.png","69150","PNG","False","89 50 4E 47 0D 0A 1A 0A 00 00 00 0D 49 48 44 52"
"driver_16.png","I:\Github\Ultimate-_tarter_Kit_for_Pico_W_PDF\Ultimate-Starter-Kit-for-Pico-W\docs\source\preparation\img\C_preparation\driver_16.png","I:\Github\Ultimate-_tarter_Kit_for_Pico_W_PDF\Ultimate-Starter-Kit-for-Pico-W\docs\source\preparation\img\C_preparation\driver_16.png","54150","PNG","False","89 50 4E 47 0D 0A 1A 0A 00 00 00 0D 49 48 44 52"
"driver_17.png","I:\Github\Ultimate-_tarter_Kit_for_Pico_W_PDF\Ultimate-Starter-Kit-for-Pico-W\docs\source\preparation\img\C_preparation\driver_17.png","I:\Github\Ultimate-_tarter_Kit_for_Pico_W_PDF\Ultimate-Starter-Kit-for-Pico-W\docs\source\preparation\img\C_preparation\driver_17.png","58521","PNG","False","89 50 4E 47 0D 0A 1A 0A 00 00 00 0D 49 48 44 52"
"driver_18.png","I:\Github\Ultimate-_tarter_Kit_for_Pico_W_PDF\Ultimate-Starter-Kit-for-Pico-W\docs\source\preparation\img\C_preparation\driver_18.png","I:\Github\Ultimate-_tarter_Kit_for_Pico_W_PDF\Ultimate-Starter-Kit-for-Pico-W\docs\source\preparation\img\C_preparation\driver_18.png","79348","PNG","False","89 50 4E 47 0D 0A 1A 0A 00 00 00 0D 49 48 44 52"
"driver_5.png","I:\Github\Ultimate-_tarter_Kit_for_Pico_W_PDF\Ultimate-Starter-Kit-for-Pico-W\docs\source\preparation\img\C_preparation\driver_5.png","I:\Github\Ultimate-_tarter_Kit_for_Pico_W_PDF\Ultimate-Starter-Kit-for-Pico-W\docs\source\preparation\img\C_preparation\driver_5.png","48159","PNG","False","89 50 4E 47 0D 0A 1A 0A 00 00 00 0D 49 48 44 52"
"driver_6.png","I:\Github\Ultimate-_tarter_Kit_for_Pico_W_PDF\Ultimate-Starter-Kit-for-Pico-W\docs\source\preparation\img\C_preparation\driver_6.png","I:\Github\Ultimate-_tarter_Kit_for_Pico_W_PDF\Ultimate-Starter-Kit-for-Pico-W\docs\source\preparation\img\C_preparation\driver_6.png","50605","PNG","False","89 50 4E 47 0D 0A 1A 0A 00 00 00 0D 49 48 44 52"
"driver_7.png","I:\Github\Ultimate-_tarter_Kit_for_Pico_W_PDF\Ultimate-Starter-Kit-for-Pico-W\docs\source\preparation\img\C_preparation\driver_7.png","I:\Github\Ultimate-_tarter_Kit_for_Pico_W_PDF\Ultimate-Starter-Kit-for-Pico-W\docs\source\preparation\img\C_preparation\driver_7.png","161184","PNG","False","89 50 4E 47 0D 0A 1A 0A 00 00 00 0D 49 48 44 52"
"driver_8.png","I:\Github\Ultimate-_tarter_Kit_for_Pico_W_PDF\Ultimate-Starter-Kit-for-Pico-W\docs\source\preparation\img\C_preparation\driver_8.png","I:\Github\Ultimate-_tarter_Kit_for_Pico_W_PDF\Ultimate-Starter-Kit-for-Pico-W\docs\source\preparation\img\C_preparation\driver_8.png","4418","PNG","False","89 50 4E 47 0D 0A 1A 0A 00 00 00 0D 49 48 44 52"
"driver_9.png","I:\Github\Ultimate-_tarter_Kit_for_Pico_W_PDF\Ultimate-Starter-Kit-for-Pico-W\docs\source\preparation\img\C_preparation\driver_9.png","I:\Github\Ultimate-_tarter_Kit_for_Pico_W_PDF\Ultimate-Starter-Kit-for-Pico-W\docs\source\preparation\img\C_preparation\driver_9.png","16077","PNG","False","89 50 4E 47 0D 0A 1A 0A 00 00 00 0D 49 48 44 52"
"esp32_1.png","I:\Github\Ultimate-_tarter_Kit_for_Pico_W_PDF\Ultimate-Starter-Kit-for-Pico-W\docs\source\preparation\img\C_preparation\esp32_1.png","I:\Github\Ultimate-_tarter_Kit_for_Pico_W_PDF\Ultimate-Starter-Kit-for-Pico-W\docs\source\preparation\img\C_preparation\esp32_1.png","29381","PNG","False","89 50 4E 47 0D 0A 1A 0A 00 00 00 0D 49 48 44 52"
"esp32_2.png","I:\Github\Ultimate-_tarter_Kit_for_Pico_W_PDF\Ultimate-Starter-Kit-for-Pico-W\docs\source\preparation\img\C_preparation\esp32_2.png","I:\Github\Ultimate-_tarter_Kit_for_Pico_W_PDF\Ultimate-Starter-Kit-for-Pico-W\docs\source\preparation\img\C_preparation\esp32_2.png","51294","PNG","False","89 50 4E 47 0D 0A 1A 0A 00 00 00 0D 49 48 44 52"
"esp32_3.png","I:\Github\Ultimate-_tarter_Kit_for_Pico_W_PDF\Ultimate-Starter-Kit-for-Pico-W\docs\source\preparation\img\C_preparation\esp32_3.png","I:\Github\Ultimate-_tarter_Kit_for_Pico_W_PDF\Ultimate-Starter-Kit-for-Pico-W\docs\source\preparation\img\C_preparation\esp32_3.png","95408","PNG","False","89 50 4E 47 0D 0A 1A 0A 00 00 00 0D 49 48 44 52"
"esp32_4.png","I:\Github\Ultimate-_tarter_Kit_for_Pico_W_PDF\Ultimate-Starter-Kit-for-Pico-W\docs\source\preparation\img\C_preparation\esp32_4.png","I:\Github\Ultimate-_tarter_Kit_for_Pico_W_PDF\Ultimate-Starter-Kit-for-Pico-W\docs\source\preparation\img\C_preparation\esp32_4.png","43847","PNG","False","89 50 4E 47 0D 0A 1A 0A 00 00 00 0D 49 48 44 52"
"import_lib1.png","I:\Github\Ultimate-_tarter_Kit_for_Pico_W_PDF\Ultimate-Starter-Kit-for-Pico-W\docs\source\preparation\img\C_preparation\import_lib1.png","I:\Github\Ultimate-_tarter_Kit_for_Pico_W_PDF\Ultimate-Starter-Kit-for-Pico-W\docs\source\preparation\img\C_preparation\import_lib1.png","32448","PNG","False","89 50 4E 47 0D 0A 1A 0A 00 00 00 0D 49 48 44 52"
"import_lib2.png","I:\Github\Ultimate-_tarter_Kit_for_Pico_W_PDF\Ultimate-Starter-Kit-for-Pico-W\docs\source\preparation\img\C_preparation\import_lib2.png","I:\Github\Ultimate-_tarter_Kit_for_Pico_W_PDF\Ultimate-Starter-Kit-for-Pico-W\docs\source\preparation\img\C_preparation\import_lib2.png","23720","PNG","False","89 50 4E 47 0D 0A 1A 0A 00 00 00 0D 49 48 44 52"
"Install_Arduino_IDE_1.png","I:\Github\Ultimate-_tarter_Kit_for_Pico_W_PDF\Ultimate-Starter-Kit-for-Pico-W\docs\source\preparation\img\C_preparation\Install_Arduino_IDE_1.png","I:\Github\Ultimate-_tarter_Kit_for_Pico_W_PDF\Ultimate-Starter-Kit-for-Pico-W\docs\source\preparation\img\C_preparation\Install_Arduino_IDE_1.png","78512","PNG","False","89 50 4E 47 0D 0A 1A 0A 00 00 00 0D 49 48 44 52"
"Install_Arduino_IDE_2.png","I:\Github\Ultimate-_tarter_Kit_for_Pico_W_PDF\Ultimate-Starter-Kit-for-Pico-W\docs\source\preparation\img\C_preparation\Install_Arduino_IDE_2.png","I:\Github\Ultimate-_tarter_Kit_for_Pico_W_PDF\Ultimate-Starter-Kit-for-Pico-W\docs\source\preparation\img\C_preparation\Install_Arduino_IDE_2.png","140560","PNG","False","89 50 4E 47 0D 0A 1A 0A 00 00 00 0D 49 48 44 52"
"Install_Arduino_IDE_3.png","I:\Github\Ultimate-_tarter_Kit_for_Pico_W_PDF\Ultimate-Starter-Kit-for-Pico-W\docs\source\preparation\img\C_preparation\Install_Arduino_IDE_3.png","I:\Github\Ultimate-_tarter_Kit_for_Pico_W_PDF\Ultimate-Starter-Kit-for-Pico-W\docs\source\preparation\img\C_preparation\Install_Arduino_IDE_3.png","59364","PNG","False","89 50 4E 47 0D 0A 1A 0A 00 00 00 0D 49 48 44 52"
"Install_Arduino_IDE_4.png","I:\Github\Ultimate-_tarter_Kit_for_Pico_W_PDF\Ultimate-Starter-Kit-for-Pico-W\docs\source\preparation\img\C_preparation\Install_Arduino_IDE_4.png","I:\Github\Ultimate-_tarter_Kit_for_Pico_W_PDF\Ultimate-Starter-Kit-for-Pico-W\docs\source\preparation\img\C_preparation\Install_Arduino_IDE_4.png","56654","PNG","False","89 50 4E 47 0D 0A 1A 0A 00 00 00 0D 49 48 44 52"
"Install_Arduino_IDE_5.png","I:\Github\Ultimate-_tarter_Kit_for_Pico_W_PDF\Ultimate-Starter-Kit-for-Pico-W\docs\source\preparation\img\C_preparation\Install_Arduino_IDE_5.png","I:\Github\Ultimate-_tarter_Kit_for_Pico_W_PDF\Ultimate-Starter-Kit-for-Pico-W\docs\source\preparation\img\C_preparation\Install_Arduino_IDE_5.png","52656","PNG","False","89 50 4E 47 0D 0A 1A 0A 00 00 00 0D 49 48 44 52"
"Install_Arduino_IDE_6.png","I:\Github\Ultimate-_tarter_Kit_for_Pico_W_PDF\Ultimate-Starter-Kit-for-Pico-W\docs\source\preparation\img\C_preparation\Install_Arduino_IDE_6.png","I:\Github\Ultimate-_tarter_Kit_for_Pico_W_PDF\Ultimate-Starter-Kit-for-Pico-W\docs\source\preparation\img\C_preparation\Install_Arduino_IDE_6.png","630996","PNG","False","89 50 4E 47 0D 0A 1A 0A 00 00 00 0D 49 48 44 52"
"Install_Arduino_IDE_7.png","I:\Github\Ultimate-_tarter_Kit_for_Pico_W_PDF\Ultimate-Starter-Kit-for-Pico-W\docs\source\preparation\img\C_preparation\Install_Arduino_IDE_7.png","I:\Github\Ultimate-_tarter_Kit_for_Pico_W_PDF\Ultimate-Starter-Kit-for-Pico-W\docs\source\preparation\img\C_preparation\Install_Arduino_IDE_7.png","39182","PNG","False","89 50 4E 47 0D 0A 1A 0A 00 00 00 0D 49 48 44 52"
"Install_Arduino_IDE_8.png","I:\Github\Ultimate-_tarter_Kit_for_Pico_W_PDF\Ultimate-Starter-Kit-for-Pico-W\docs\source\preparation\img\C_preparation\Install_Arduino_IDE_8.png","I:\Github\Ultimate-_tarter_Kit_for_Pico_W_PDF\Ultimate-Starter-Kit-for-Pico-W\docs\source\preparation\img\C_preparation\Install_Arduino_IDE_8.png","14555","PNG","False","89 50 4E 47 0D 0A 1A 0A 00 00 00 0D 49 48 44 52"
"ins_uf2_1.png","I:\Github\Ultimate-_tarter_Kit_for_Pico_W_PDF\Ultimate-Starter-Kit-for-Pico-W\docs\source\preparation\img\C_preparation\ins_uf2_1.png","I:\Github\Ultimate-_tarter_Kit_for_Pico_W_PDF\Ultimate-Starter-Kit-for-Pico-W\docs\source\preparation\img\C_preparation\ins_uf2_1.png","31292","PNG","False","89 50 4E 47 0D 0A 1A 0A 00 00 00 0D 49 48 44 52"
"select_com1.png","I:\Github\Ultimate-_tarter_Kit_for_Pico_W_PDF\Ultimate-Starter-Kit-for-Pico-W\docs\source\preparation\img\C_preparation\select_com1.png","I:\Github\Ultimate-_tarter_Kit_for_Pico_W_PDF\Ultimate-Starter-Kit-for-Pico-W\docs\source\preparation\img\C_preparation\select_com1.png","67052","PNG","False","89 50 4E 47 0D 0A 1A 0A 00 00 00 0D 49 48 44 52"
"select_com2.png","I:\Github\Ultimate-_tarter_Kit_for_Pico_W_PDF\Ultimate-Starter-Kit-for-Pico-W\docs\source\preparation\img\C_preparation\select_com2.png","I:\Github\Ultimate-_tarter_Kit_for_Pico_W_PDF\Ultimate-Starter-Kit-for-Pico-W\docs\source\preparation\img\C_preparation\select_com2.png","62202","PNG","False","89 50 4E 47 0D 0A 1A 0A 00 00 00 0D 49 48 44 52"
"select_com3.png","I:\Github\Ultimate-_tarter_Kit_for_Pico_W_PDF\Ultimate-Starter-Kit-for-Pico-W\docs\source\preparation\img\C_preparation\select_com3.png","I:\Github\Ultimate-_tarter_Kit_for_Pico_W_PDF\Ultimate-Starter-Kit-for-Pico-W\docs\source\preparation\img\C_preparation\select_com3.png","71738","PNG","False","89 50 4E 47 0D 0A 1A 0A 00 00 00 0D 49 48 44 52"
"select_com4.png","I:\Github\Ultimate-_tarter_Kit_for_Pico_W_PDF\Ultimate-Starter-Kit-for-Pico-W\docs\source\preparation\img\C_preparation\select_com4.png","I:\Github\Ultimate-_tarter_Kit_for_Pico_W_PDF\Ultimate-Starter-Kit-for-Pico-W\docs\source\preparation\img\C_preparation\select_com4.png","65937","PNG","False","89 50 4E 47 0D 0A 1A 0A 00 00 00 0D 49 48 44 52"
"upload_code1.png","I:\Github\Ultimate-_tarter_Kit_for_Pico_W_PDF\Ultimate-Starter-Kit-for-Pico-W\docs\source\preparation\img\C_preparation\upload_code1.png","I:\Github\Ultimate-_tarter_Kit_for_Pico_W_PDF\Ultimate-Starter-Kit-for-Pico-W\docs\source\preparation\img\C_preparation\upload_code1.png","13446","PNG","False","89 50 4E 47 0D 0A 1A 0A 00 00 00 0D 49 48 44 52"
"upload_code2.png","I:\Github\Ultimate-_tarter_Kit_for_Pico_W_PDF\Ultimate-Starter-Kit-for-Pico-W\docs\source\preparation\img\C_preparation\upload_code2.png","I:\Github\Ultimate-_tarter_Kit_for_Pico_W_PDF\Ultimate-Starter-Kit-for-Pico-W\docs\source\preparation\img\C_preparation\upload_code2.png","12155","PNG","False","89 50 4E 47 0D 0A 1A 0A 00 00 00 0D 49 48 44 52"
"upload_code3.png","I:\Github\Ultimate-_tarter_Kit_for_Pico_W_PDF\Ultimate-Starter-Kit-for-Pico-W\docs\source\preparation\img\C_preparation\upload_code3.png","I:\Github\Ultimate-_tarter_Kit_for_Pico_W_PDF\Ultimate-Starter-Kit-for-Pico-W\docs\source\preparation\img\C_preparation\upload_code3.png","47510","PNG","False","89 50 4E 47 0D 0A 1A 0A 00 00 00 0D 49 48 44 52"
"upload_code4.png","I:\Github\Ultimate-_tarter_Kit_for_Pico_W_PDF\Ultimate-Starter-Kit-for-Pico-W\docs\source\preparation\img\C_preparation\upload_code4.png","I:\Github\Ultimate-_tarter_Kit_for_Pico_W_PDF\Ultimate-Starter-Kit-for-Pico-W\docs\source\preparation\img\C_preparation\upload_code4.png","13438","WebP","True","52 49 46 46 76 34 00 00 57 45 42 50 56 50 38 4C"
"picow-1.png","I:\Github\Ultimate-_tarter_Kit_for_Pico_W_PDF\Ultimate-Starter-Kit-for-Pico-W\docs\source\preparation\img\GPIO\picow-1.png","I:\Github\Ultimate-_tarter_Kit_for_Pico_W_PDF\Ultimate-Starter-Kit-for-Pico-W\docs\source\preparation\img\GPIO\picow-1.png","1518570","PNG","False","89 50 4E 47 0D 0A 1A 0A 00 00 00 0D 49 48 44 52"
"picow_pin.png","I:\Github\Ultimate-_tarter_Kit_for_Pico_W_PDF\Ultimate-Starter-Kit-for-Pico-W\docs\source\preparation\img\GPIO\picow_pin.png","I:\Github\Ultimate-_tarter_Kit_for_Pico_W_PDF\Ultimate-Starter-Kit-for-Pico-W\docs\source\preparation\img\GPIO\picow_pin.png","119845","JPEG","True","FF D8 FF E0 00 10 4A 46 49 46 00 01 01 01 00 60"
"cmd1.png","I:\Github\Ultimate-_tarter_Kit_for_Pico_W_PDF\Ultimate-Starter-Kit-for-Pico-W\docs\source\preparation\img\Python_prepartion\cmd1.png","I:\Github\Ultimate-_tarter_Kit_for_Pico_W_PDF\Ultimate-Starter-Kit-for-Pico-W\docs\source\preparation\img\Python_prepartion\cmd1.png","42301","PNG","False","89 50 4E 47 0D 0A 1A 0A 00 00 00 0D 49 48 44 52"
"cmd2.png","I:\Github\Ultimate-_tarter_Kit_for_Pico_W_PDF\Ultimate-Starter-Kit-for-Pico-W\docs\source\preparation\img\Python_prepartion\cmd2.png","I:\Github\Ultimate-_tarter_Kit_for_Pico_W_PDF\Ultimate-Starter-Kit-for-Pico-W\docs\source\preparation\img\Python_prepartion\cmd2.png","40265","PNG","False","89 50 4E 47 0D 0A 1A 0A 00 00 00 0D 49 48 44 52"
"firmware1.png","I:\Github\Ultimate-_tarter_Kit_for_Pico_W_PDF\Ultimate-Starter-Kit-for-Pico-W\docs\source\preparation\img\Python_prepartion\firmware1.png","I:\Github\Ultimate-_tarter_Kit_for_Pico_W_PDF\Ultimate-Starter-Kit-for-Pico-W\docs\source\preparation\img\Python_prepartion\firmware1.png","28597","PNG","False","89 50 4E 47 0D 0A 1A 0A 00 00 00 0D 49 48 44 52"
"firmware2.png","I:\Github\Ultimate-_tarter_Kit_for_Pico_W_PDF\Ultimate-Starter-Kit-for-Pico-W\docs\source\preparation\img\Python_prepartion\firmware2.png","I:\Github\Ultimate-_tarter_Kit_for_Pico_W_PDF\Ultimate-Starter-Kit-for-Pico-W\docs\source\preparation\img\Python_prepartion\firmware2.png","34935","PNG","False","89 50 4E 47 0D 0A 1A 0A 00 00 00 0D 49 48 44 52"
"firmware3.png","I:\Github\Ultimate-_tarter_Kit_for_Pico_W_PDF\Ultimate-Starter-Kit-for-Pico-W\docs\source\preparation\img\Python_prepartion\firmware3.png","I:\Github\Ultimate-_tarter_Kit_for_Pico_W_PDF\Ultimate-Starter-Kit-for-Pico-W\docs\source\preparation\img\Python_prepartion\firmware3.png","28229","PNG","False","89 50 4E 47 0D 0A 1A 0A 00 00 00 0D 49 48 44 52"
"ide_main.png","I:\Github\Ultimate-_tarter_Kit_for_Pico_W_PDF\Ultimate-Starter-Kit-for-Pico-W\docs\source\preparation\img\Python_prepartion\ide_main.png","I:\Github\Ultimate-_tarter_Kit_for_Pico_W_PDF\Ultimate-Starter-Kit-for-Pico-W\docs\source\preparation\img\Python_prepartion\ide_main.png","29856","PNG","False","89 50 4E 47 0D 0A 1A 0A 00 00 00 0D 49 48 44 52"
"open_code1.png","I:\Github\Ultimate-_tarter_Kit_for_Pico_W_PDF\Ultimate-Starter-Kit-for-Pico-W\docs\source\preparation\img\Python_prepartion\open_code1.png","I:\Github\Ultimate-_tarter_Kit_for_Pico_W_PDF\Ultimate-Starter-Kit-for-Pico-W\docs\source\preparation\img\Python_prepartion\open_code1.png","68789","PNG","False","89 50 4E 47 0D 0A 1A 0A 00 00 00 0D 49 48 44 52"
"open_code2.png","I:\Github\Ultimate-_tarter_Kit_for_Pico_W_PDF\Ultimate-Starter-Kit-for-Pico-W\docs\source\preparation\img\Python_prepartion\open_code2.png","I:\Github\Ultimate-_tarter_Kit_for_Pico_W_PDF\Ultimate-Starter-Kit-for-Pico-W\docs\source\preparation\img\Python_prepartion\open_code2.png","68393","PNG","False","89 50 4E 47 0D 0A 1A 0A 00 00 00 0D 49 48 44 52"
"open_code3.png","I:\Github\Ultimate-_tarter_Kit_for_Pico_W_PDF\Ultimate-Starter-Kit-for-Pico-W\docs\source\preparation\img\Python_prepartion\open_code3.png","I:\Github\Ultimate-_tarter_Kit_for_Pico_W_PDF\Ultimate-Starter-Kit-for-Pico-W\docs\source\preparation\img\Python_prepartion\open_code3.png","68322","PNG","False","89 50 4E 47 0D 0A 1A 0A 00 00 00 0D 49 48 44 52"
"open_code4.png","I:\Github\Ultimate-_tarter_Kit_for_Pico_W_PDF\Ultimate-Starter-Kit-for-Pico-W\docs\source\preparation\img\Python_prepartion\open_code4.png","I:\Github\Ultimate-_tarter_Kit_for_Pico_W_PDF\Ultimate-Starter-Kit-for-Pico-W\docs\source\preparation\img\Python_prepartion\open_code4.png","59870","PNG","False","89 50 4E 47 0D 0A 1A 0A 00 00 00 0D 49 48 44 52"
"open_code5.png","I:\Github\Ultimate-_tarter_Kit_for_Pico_W_PDF\Ultimate-Starter-Kit-for-Pico-W\docs\source\preparation\img\Python_prepartion\open_code5.png","I:\Github\Ultimate-_tarter_Kit_for_Pico_W_PDF\Ultimate-Starter-Kit-for-Pico-W\docs\source\preparation\img\Python_prepartion\open_code5.png","71668","PNG","False","89 50 4E 47 0D 0A 1A 0A 00 00 00 0D 49 48 44 52"
"open_code6.png","I:\Github\Ultimate-_tarter_Kit_for_Pico_W_PDF\Ultimate-Starter-Kit-for-Pico-W\docs\source\preparation\img\Python_prepartion\open_code6.png","I:\Github\Ultimate-_tarter_Kit_for_Pico_W_PDF\Ultimate-Starter-Kit-for-Pico-W\docs\source\preparation\img\Python_prepartion\open_code6.png","74428","PNG","False","89 50 4E 47 0D 0A 1A 0A 00 00 00 0D 49 48 44 52"
"select_pico.png","I:\Github\Ultimate-_tarter_Kit_for_Pico_W_PDF\Ultimate-Starter-Kit-for-Pico-W\docs\source\preparation\img\Python_prepartion\select_pico.png","I:\Github\Ultimate-_tarter_Kit_for_Pico_W_PDF\Ultimate-Starter-Kit-for-Pico-W\docs\source\preparation\img\Python_prepartion\select_pico.png","15740","PNG","False","89 50 4E 47 0D 0A 1A 0A 00 00 00 0D 49 48 44 52"
"testing3.png","I:\Github\Ultimate-_tarter_Kit_for_Pico_W_PDF\Ultimate-Starter-Kit-for-Pico-W\docs\source\preparation\img\Python_prepartion\testing3.png","I:\Github\Ultimate-_tarter_Kit_for_Pico_W_PDF\Ultimate-Starter-Kit-for-Pico-W\docs\source\preparation\img\Python_prepartion\testing3.png","11301","PNG","False","89 50 4E 47 0D 0A 1A 0A 00 00 00 0D 49 48 44 52"
"testing4.png","I:\Github\Ultimate-_tarter_Kit_for_Pico_W_PDF\Ultimate-Starter-Kit-for-Pico-W\docs\source\preparation\img\Python_prepartion\testing4.png","I:\Github\Ultimate-_tarter_Kit_for_Pico_W_PDF\Ultimate-Starter-Kit-for-Pico-W\docs\source\preparation\img\Python_prepartion\testing4.png","97566","PNG","False","89 50 4E 47 0D 0A 1A 0A 00 00 00 0D 49 48 44 52"
"test_pico.png","I:\Github\Ultimate-_tarter_Kit_for_Pico_W_PDF\Ultimate-Starter-Kit-for-Pico-W\docs\source\preparation\img\Python_prepartion\test_pico.png","I:\Github\Ultimate-_tarter_Kit_for_Pico_W_PDF\Ultimate-Starter-Kit-for-Pico-W\docs\source\preparation\img\Python_prepartion\test_pico.png","15458","PNG","False","89 50 4E 47 0D 0A 1A 0A 00 00 00 0D 49 48 44 52"
"thonny-ins1.png","I:\Github\Ultimate-_tarter_Kit_for_Pico_W_PDF\Ultimate-Starter-Kit-for-Pico-W\docs\source\preparation\img\Python_prepartion\thonny-ins1.png","I:\Github\Ultimate-_tarter_Kit_for_Pico_W_PDF\Ultimate-Starter-Kit-for-Pico-W\docs\source\preparation\img\Python_prepartion\thonny-ins1.png","20097","PNG","False","89 50 4E 47 0D 0A 1A 0A 00 00 00 0D 49 48 44 52"
"thonny-ins2.png","I:\Github\Ultimate-_tarter_Kit_for_Pico_W_PDF\Ultimate-Starter-Kit-for-Pico-W\docs\source\preparation\img\Python_prepartion\thonny-ins2.png","I:\Github\Ultimate-_tarter_Kit_for_Pico_W_PDF\Ultimate-Starter-Kit-for-Pico-W\docs\source\preparation\img\Python_prepartion\thonny-ins2.png","19165","PNG","False","89 50 4E 47 0D 0A 1A 0A 00 00 00 0D 49 48 44 52"
"thonny-ins3.png","I:\Github\Ultimate-_tarter_Kit_for_Pico_W_PDF\Ultimate-Starter-Kit-for-Pico-W\docs\source\preparation\img\Python_prepartion\thonny-ins3.png","I:\Github\Ultimate-_tarter_Kit_for_Pico_W_PDF\Ultimate-Starter-Kit-for-Pico-W\docs\source\preparation\img\Python_prepartion\thonny-ins3.png","12567","PNG","False","89 50 4E 47 0D 0A 1A 0A 00 00 00 0D 49 48 44 52"
"thonny-ins4.png","I:\Github\Ultimate-_tarter_Kit_for_Pico_W_PDF\Ultimate-Starter-Kit-for-Pico-W\docs\source\preparation\img\Python_prepartion\thonny-ins4.png","I:\Github\Ultimate-_tarter_Kit_for_Pico_W_PDF\Ultimate-Starter-Kit-for-Pico-W\docs\source\preparation\img\Python_prepartion\thonny-ins4.png","9675","PNG","False","89 50 4E 47 0D 0A 1A 0A 00 00 00 0D 49 48 44 52"
"thonny-ins5.png","I:\Github\Ultimate-_tarter_Kit_for_Pico_W_PDF\Ultimate-Starter-Kit-for-Pico-W\docs\source\preparation\img\Python_prepartion\thonny-ins5.png","I:\Github\Ultimate-_tarter_Kit_for_Pico_W_PDF\Ultimate-Starter-Kit-for-Pico-W\docs\source\preparation\img\Python_prepartion\thonny-ins5.png","13023","PNG","False","89 50 4E 47 0D 0A 1A 0A 00 00 00 0D 49 48 44 52"
"thonny-ins6.png","I:\Github\Ultimate-_tarter_Kit_for_Pico_W_PDF\Ultimate-Starter-Kit-for-Pico-W\docs\source\preparation\img\Python_prepartion\thonny-ins6.png","I:\Github\Ultimate-_tarter_Kit_for_Pico_W_PDF\Ultimate-Starter-Kit-for-Pico-W\docs\source\preparation\img\Python_prepartion\thonny-ins6.png","8032","PNG","False","89 50 4E 47 0D 0A 1A 0A 00 00 00 0D 49 48 44 52"
"thonny-ins7.png","I:\Github\Ultimate-_tarter_Kit_for_Pico_W_PDF\Ultimate-Starter-Kit-for-Pico-W\docs\source\preparation\img\Python_prepartion\thonny-ins7.png","I:\Github\Ultimate-_tarter_Kit_for_Pico_W_PDF\Ultimate-Starter-Kit-for-Pico-W\docs\source\preparation\img\Python_prepartion\thonny-ins7.png","22295","PNG","False","89 50 4E 47 0D 0A 1A 0A 00 00 00 0D 49 48 44 52"
"thonny_1.png","I:\Github\Ultimate-_tarter_Kit_for_Pico_W_PDF\Ultimate-Starter-Kit-for-Pico-W\docs\source\preparation\img\Python_prepartion\thonny_1.png","I:\Github\Ultimate-_tarter_Kit_for_Pico_W_PDF\Ultimate-Starter-Kit-for-Pico-W\docs\source\preparation\img\Python_prepartion\thonny_1.png","47123","PNG","False","89 50 4E 47 0D 0A 1A 0A 00 00 00 0D 49 48 44 52"
"thonny_2.png","I:\Github\Ultimate-_tarter_Kit_for_Pico_W_PDF\Ultimate-Starter-Kit-for-Pico-W\docs\source\preparation\img\Python_prepartion\thonny_2.png","I:\Github\Ultimate-_tarter_Kit_for_Pico_W_PDF\Ultimate-Starter-Kit-for-Pico-W\docs\source\preparation\img\Python_prepartion\thonny_2.png","5683","PNG","False","89 50 4E 47 0D 0A 1A 0A 00 00 00 0D 49 48 44 52"
"thonny_3.png","I:\Github\Ultimate-_tarter_Kit_for_Pico_W_PDF\Ultimate-Starter-Kit-for-Pico-W\docs\source\preparation\img\Python_prepartion\thonny_3.png","I:\Github\Ultimate-_tarter_Kit_for_Pico_W_PDF\Ultimate-Starter-Kit-for-Pico-W\docs\source\preparation\img\Python_prepartion\thonny_3.png","19050","PNG","False","89 50 4E 47 0D 0A 1A 0A 00 00 00 0D 49 48 44 52"
"thonny_4.png","I:\Github\Ultimate-_tarter_Kit_for_Pico_W_PDF\Ultimate-Starter-Kit-for-Pico-W\docs\source\preparation\img\Python_prepartion\thonny_4.png","I:\Github\Ultimate-_tarter_Kit_for_Pico_W_PDF\Ultimate-Starter-Kit-for-Pico-W\docs\source\preparation\img\Python_prepartion\thonny_4.png","37665","PNG","False","89 50 4E 47 0D 0A 1A 0A 00 00 00 0D 49 48 44 52"
"thonny_5.png","I:\Github\Ultimate-_tarter_Kit_for_Pico_W_PDF\Ultimate-Starter-Kit-for-Pico-W\docs\source\preparation\img\Python_prepartion\thonny_5.png","I:\Github\Ultimate-_tarter_Kit_for_Pico_W_PDF\Ultimate-Starter-Kit-for-Pico-W\docs\source\preparation\img\Python_prepartion\thonny_5.png","25712","PNG","False","89 50 4E 47 0D 0A 1A 0A 00 00 00 0D 49 48 44 52"
"upload_pico1.png","I:\Github\Ultimate-_tarter_Kit_for_Pico_W_PDF\Ultimate-Starter-Kit-for-Pico-W\docs\source\preparation\img\Python_prepartion\upload_pico1.png","I:\Github\Ultimate-_tarter_Kit_for_Pico_W_PDF\Ultimate-Starter-Kit-for-Pico-W\docs\source\preparation\img\Python_prepartion\upload_pico1.png","45632","PNG","False","89 50 4E 47 0D 0A 1A 0A 00 00 00 0D 49 48 44 52"
"upload_pico2.png","I:\Github\Ultimate-_tarter_Kit_for_Pico_W_PDF\Ultimate-Starter-Kit-for-Pico-W\docs\source\preparation\img\Python_prepartion\upload_pico2.png","I:\Github\Ultimate-_tarter_Kit_for_Pico_W_PDF\Ultimate-Starter-Kit-for-Pico-W\docs\source\preparation\img\Python_prepartion\upload_pico2.png","52456","PNG","False","89 50 4E 47 0D 0A 1A 0A 00 00 00 0D 49 48 44 52"
"win_installer.png","I:\Github\Ultimate-_tarter_Kit_for_Pico_W_PDF\Ultimate-Starter-Kit-for-Pico-W\docs\source\preparation\img\Python_prepartion\win_installer.png","I:\Github\Ultimate-_tarter_Kit_for_Pico_W_PDF\Ultimate-Starter-Kit-for-Pico-W\docs\source\preparation\img\Python_prepartion\win_installer.png","2486","PNG","False","89 50 4E 47 0D 0A 1A 0A 00 00 00 0D 49 48 44 52"
